bets,wins,win_rate,stake,profit,roi,avg_odds,avg_ev,max_drawdown,test_season,model,strategy,ev_threshold
380,152,0.4,380.0,-9.43999999999999,-0.02484210526315787,3.532973684210526,0.6045961910099749,-43.359999999999985,2017/18,HistGB + Elo/Rest,argmax,0.0
379,151,0.39841688654353563,379.0,-9.64,-0.025435356200527705,3.539129287598944,0.6061731458786459,-43.359999999999985,2017/18,HistGB + Elo/Rest,argmax,0.02
374,149,0.3983957219251337,374.0,-7.329999999999989,-0.019598930481283396,3.545855614973262,0.6137489919318319,-41.359999999999985,2017/18,HistGB + Elo/Rest,argmax,0.05
350,131,0.3742857142857143,350.0,-5.729999999999997,-0.01637142857142856,3.6165714285714285,0.6504765580989611,-42.00999999999999,2017/18,HistGB + Elo/Rest,argmax,0.1
326,113,0.34662576687116564,326.0,-11.349999999999994,-0.03481595092024538,3.750460122699386,0.6891403648246411,-42.370000000000005,2017/18,HistGB + Elo/Rest,argmax,0.15
456,187,0.4100877192982456,456.0,-12.569999999999997,-0.027565789473684203,3.4302850877192985,0.5233424619691893,-37.70999999999998,2017/18,HistGB + Elo/Rest,all_qualifying,0.0
443,178,0.4018058690744921,443.0,-16.899999999999988,-0.03814898419864557,3.4590519187358915,0.5384447626618686,-43.50999999999999,2017/18,HistGB + Elo/Rest,all_qualifying,0.02
426,171,0.4014084507042254,426.0,-12.460000000000003,-0.02924882629107982,3.4788262910798124,0.5585757439887634,-40.01999999999999,2017/18,HistGB + Elo/Rest,all_qualifying,0.05
383,145,0.3785900783289817,383.0,-7.159999999999993,-0.018694516971279357,3.5643864229765017,0.6123964552870477,-36.949999999999996,2017/18,HistGB + Elo/Rest,all_qualifying,0.1
346,124,0.3583815028901734,346.0,-5.9999999999999964,-0.017341040462427737,3.7258381502890168,0.6643395242821728,-36.519999999999996,2017/18,HistGB + Elo/Rest,all_qualifying,0.15
376,93,0.2473404255319149,376.0,4.669999999999998,0.012420212765957441,5.976382978723404,0.6642863047068416,-40.83,2017/18,HistGB + Elo/Rest + sigmoid,argmax,0.0
371,92,0.24797843665768193,371.0,7.220000000000003,0.019460916442048528,6.011482479784367,0.6730597354307363,-38.83,2017/18,HistGB + Elo/Rest + sigmoid,argmax,0.02
353,86,0.24362606232294617,353.0,5.82,0.01648725212464589,6.17257790368272,0.7053857762529548,-39.83,2017/18,HistGB + Elo/Rest + sigmoid,argmax,0.05
327,75,0.22935779816513763,327.0,3.6200000000000028,0.011070336391437317,6.4416513761467895,0.7554893539438854,-37.33,2017/18,HistGB + Elo/Rest + sigmoid,argmax,0.1
290,66,0.22758620689655173,290.0,15.850000000000001,0.054655172413793106,6.92603448275862,0.8358666802994167,-33.23,2017/18,HistGB + Elo/Rest + sigmoid,argmax,0.15
532,129,0.2424812030075188,532.0,-12.070000000000004,-0.022687969924812038,6.0153007518797,0.5612432125800121,-74.72,2017/18,HistGB + Elo/Rest + sigmoid,all_qualifying,0.0
502,116,0.23107569721115537,502.0,-19.45999999999999,-0.0387649402390438,6.171513944223108,0.594187122564521,-73.25,2017/18,HistGB + Elo/Rest + sigmoid,all_qualifying,0.02
457,99,0.21663019693654267,457.0,-26.89,-0.05884026258205689,6.443610503282276,0.6490973771356761,-69.22,2017/18,HistGB + Elo/Rest + sigmoid,all_qualifying,0.05
417,85,0.2038369304556355,417.0,-20.679999999999993,-0.04959232613908871,6.761774580335731,0.7042935078219226,-63.41,2017/18,HistGB + Elo/Rest + sigmoid,all_qualifying,0.1
369,74,0.2005420054200542,369.0,-4.149999999999995,-0.011246612466124647,7.190514905149052,0.7794333850487423,-49.129999999999995,2017/18,HistGB + Elo/Rest + sigmoid,all_qualifying,0.15
0,0,0.0,0.0,0.0,0.0,,,0.0,2017/18,Market baseline,argmax,0.0
0,0,0.0,0.0,0.0,0.0,,,0.0,2017/18,Market baseline,argmax,0.02
0,0,0.0,0.0,0.0,0.0,,,0.0,2017/18,Market baseline,argmax,0.05
0,0,0.0,0.0,0.0,0.0,,,0.0,2017/18,Market baseline,argmax,0.1
0,0,0.0,0.0,0.0,0.0,,,0.0,2017/18,Market baseline,argmax,0.15
0,0,0.0,0.0,0.0,0.0,,,0.0,2017/18,Market baseline,all_qualifying,0.0
0,0,0.0,0.0,0.0,0.0,,,0.0,2017/18,Market baseline,all_qualifying,0.02
0,0,0.0,0.0,0.0,0.0,,,0.0,2017/18,Market baseline,all_qualifying,0.05
0,0,0.0,0.0,0.0,0.0,,,0.0,2017/18,Market baseline,all_qualifying,0.1
0,0,0.0,0.0,0.0,0.0,,,0.0,2017/18,Market baseline,all_qualifying,0.15
375,170,0.4533333333333333,375.0,0.08000000000000362,0.000213333333333343,2.8710933333333335,0.14312388097404366,-38.44,2017/18,Market logistic,argmax,0.0
360,161,0.44722222222222224,360.0,3.4600000000000097,0.009611111111111138,2.8921111111111113,0.14847663062450753,-36.39999999999999,2017/18,Market logistic,argmax,0.02
329,143,0.43465045592705165,329.0,-8.400000000000002,-0.025531914893617027,2.91048632218845,0.1593924321260297,-44.579999999999984,2017/18,Market logistic,argmax,0.05
262,110,0.4198473282442748,262.0,-3.4799999999999933,-0.013282442748091577,2.9453053435114507,0.17951383180665811,-32.10999999999999,2017/18,Market logistic,argmax,0.1
162,59,0.36419753086419754,162.0,0.8500000000000059,0.00524691358024695,3.299876543209877,0.214854840506586,-31.12999999999999,2017/18,Market logistic,argmax,0.15
443,186,0.4198645598194131,443.0,-19.849999999999998,-0.04480812641083521,3.539232505643341,0.1295188233306634,-52.13000000000001,2017/18,Market logistic,all_qualifying,0.0
405,169,0.41728395061728396,405.0,-18.639999999999997,-0.046024691358024686,3.4645925925925924,0.14060812483072402,-50.33000000000001,2017/18,Market logistic,all_qualifying,0.02
347,145,0.41786743515850144,347.0,-22.97,-0.06619596541786743,3.4245821325648413,0.15840572952792378,-55.850000000000016,2017/18,Market logistic,all_qualifying,0.05
268,110,0.41044776119402987,268.0,-9.479999999999992,-0.035373134328358175,3.3084701492537314,0.1817643211718426,-37.10999999999999,2017/18,Market logistic,all_qualifying,0.1
167,59,0.3532934131736527,167.0,-4.149999999999999,-0.024850299401197595,3.811856287425149,0.21776813712057866,-35.12999999999999,2017/18,Market logistic,all_qualifying,0.15
379,149,0.39313984168865435,379.0,11.020000000000003,0.029076517150395786,3.3664643799472294,0.2286974160381643,-34.78,2017/18,Market logistic + isotonic,argmax,0.0
375,148,0.39466666666666667,375.0,11.920000000000007,0.031786666666666685,3.3674666666666666,0.2310013150174969,-33.88,2017/18,Market logistic + isotonic,argmax,0.02
371,146,0.3935309973045822,371.0,12.610000000000001,0.03398921832884098,3.3822911051212934,0.23306370161632375,-33.19,2017/18,Market logistic + isotonic,argmax,0.05
340,138,0.40588235294117647,340.0,26.650000000000006,0.07838235294117649,3.4146176470588236,0.24688818679679497,-25.65,2017/18,Market logistic + isotonic,argmax,0.1
282,113,0.40070921985815605,282.0,26.690000000000005,0.094645390070922,3.6073049645390065,0.2714245136033872,-27.669999999999998,2017/18,Market logistic + isotonic,argmax,0.15
436,171,0.3922018348623853,436.0,1.1000000000000023,0.002522935779816519,3.4291055045871564,0.21021301572779041,-41.599999999999994,2017/18,Market logistic + isotonic,all_qualifying,0.0
423,166,0.39243498817966904,423.0,6.119999999999999,0.014468085106382977,3.46016548463357,0.21638489843853148,-36.39999999999999,2017/18,Market logistic + isotonic,all_qualifying,0.02
389,150,0.3856041131105398,389.0,5.040000000000001,0.012956298200514142,3.532827763496144,0.23221824582135972,-40.03,2017/18,Market logistic + isotonic,all_qualifying,0.05
349,138,0.3954154727793696,349.0,17.650000000000006,0.05057306590257881,3.6058452722063037,0.24988250602486384,-30.119999999999997,2017/18,Market logistic + isotonic,all_qualifying,0.1
291,113,0.38831615120274915,291.0,17.689999999999998,0.06079037800687284,3.8306872852233678,0.2742567832574653,-34.669999999999995,2017/18,Market logistic + isotonic,all_qualifying,0.15
377,124,0.32891246684350134,377.0,31.22,0.08281167108753315,4.426366047745358,0.2398316116407245,-24.25,2017/18,Market logistic + sigmoid,argmax,0.0
373,122,0.32707774798927614,373.0,32.33,0.08667560321715817,4.421849865951742,0.2423056606841156,-24.25,2017/18,Market logistic + sigmoid,argmax,0.02
358,115,0.32122905027932963,358.0,35.050000000000004,0.09790502793296091,4.491703910614525,0.25095970113179533,-23.8,2017/18,Market logistic + sigmoid,argmax,0.05
324,101,0.3117283950617284,324.0,35.80000000000001,0.11049382716049386,4.661913580246914,0.26882193086927225,-22.18,2017/18,Market logistic + sigmoid,argmax,0.1
262,86,0.3282442748091603,262.0,63.05,0.24064885496183205,5.029923664122137,0.3018369933564635,-16.09,2017/18,Market logistic + sigmoid,argmax,0.15
446,135,0.30269058295964124,446.0,3.2800000000000153,0.007354260089686133,5.453004484304933,0.2299936904004524,-51.74999999999999,2017/18,Market logistic + sigmoid,all_qualifying,0.0
418,124,0.2966507177033493,418.0,12.830000000000005,0.03069377990430623,5.61866028708134,0.24484632019934333,-44.07,2017/18,Market logistic + sigmoid,all_qualifying,0.02
394,116,0.29441624365482233,394.0,18.050000000000004,0.045812182741116765,5.625710659898478,0.257570162760013,-39.16,2017/18,Market logistic + sigmoid,all_qualifying,0.05
354,102,0.288135593220339,354.0,24.800000000000004,0.07005649717514126,5.74635593220339,0.2775363145622295,-32.17999999999999,2017/18,Market logistic + sigmoid,all_qualifying,0.1
291,87,0.29896907216494845,291.0,53.050000000000004,0.1823024054982818,6.312164948453609,0.3096553345226076,-22.21,2017/18,Market logistic + sigmoid,all_qualifying,0.15
372,151,0.40591397849462363,372.0,-8.039999999999996,-0.02161290322580644,3.3187096774193545,0.33710649644035945,-28.519999999999996,2017/18,Team + Market,argmax,0.0
368,149,0.4048913043478261,368.0,-11.039999999999996,-0.02999999999999999,3.327391304347826,0.3406853694158462,-33.0,2017/18,Team + Market,argmax,0.02
351,137,0.3903133903133903,351.0,-21.64,-0.06165242165242166,3.29051282051282,0.3554714952960266,-34.34999999999999,2017/18,Team + Market,argmax,0.05
311,116,0.3729903536977492,311.0,-24.459999999999997,-0.07864951768488745,3.360096463022508,0.3912511151351366,-39.93999999999999,2017/18,Team + Market,argmax,0.1
274,97,0.354014598540146,274.0,-31.629999999999995,-0.11543795620437955,3.480291970802919,0.42721916370289265,-48.699999999999996,2017/18,Team + Market,argmax,0.15
466,185,0.3969957081545064,466.0,-15.389999999999986,-0.033025751072961344,3.40881974248927,0.291869974943252,-30.209999999999997,2017/18,Team + Market,all_qualifying,0.0
444,176,0.3963963963963964,444.0,-21.05999999999999,-0.04743243243243241,3.4240315315315315,0.30581243484519227,-33.609999999999985,2017/18,Team + Market,all_qualifying,0.02
411,157,0.3819951338199513,411.0,-33.87,-0.08240875912408759,3.4279075425790753,0.3275644747994515,-45.97,2017/18,Team + Market,all_qualifying,0.05
346,126,0.36416184971098264,346.0,-32.969999999999985,-0.09528901734104042,3.444364161849711,0.3749544100434768,-45.94,2017/18,Team + Market,all_qualifying,0.1
296,105,0.3547297297297297,296.0,-31.25,-0.10557432432432433,3.5874662162162156,0.4173797126275698,-47.35999999999999,2017/18,Team + Market,all_qualifying,0.15
374,154,0.4117647058823529,374.0,0.6800000000000033,0.0018181818181818269,3.436122994652407,0.5077755008067042,-34.05,2017/18,Team + Market + Elo/Rest,argmax,0.0
368,149,0.4048913043478261,368.0,-3.4699999999999935,-0.00942934782608694,3.4616304347826086,0.5159252118351035,-36.44,2017/18,Team + Market + Elo/Rest,argmax,0.02
354,139,0.3926553672316384,354.0,-10.629999999999997,-0.030028248587570614,3.5181073446327686,0.5349772189472665,-36.22999999999999,2017/18,Team + Market + Elo/Rest,argmax,0.05
329,124,0.3768996960486322,329.0,-18.509999999999998,-0.056261398176291784,3.572158054711246,0.5698666165238373,-32.74999999999999,2017/18,Team + Market + Elo/Rest,argmax,0.1
303,108,0.3564356435643564,303.0,-16.749999999999993,-0.055280528052805256,3.7202640264026403,0.6079310961560216,-29.61999999999999,2017/18,Team + Market + Elo/Rest,argmax,0.15
471,183,0.3885350318471338,471.0,-8.56999999999999,-0.01819532908704881,3.5816560509554143,0.43606901583895796,-46.279999999999994,2017/18,Team + Market + Elo/Rest,all_qualifying,0.0
454,174,0.3832599118942731,454.0,-12.139999999999999,-0.02674008810572687,3.586211453744493,0.4520395607270521,-45.72999999999999,2017/18,Team + Market + Elo/Rest,all_qualifying,0.02
422,159,0.3767772511848341,422.0,-17.879999999999992,-0.04236966824644548,3.6159478672985776,0.4836938526284279,-41.61999999999998,2017/18,Team + Market + Elo/Rest,all_qualifying,0.05
377,138,0.3660477453580902,377.0,-17.24,-0.04572944297082228,3.6975596816976126,0.5324381533304346,-33.669999999999995,2017/18,Team + Market + Elo/Rest,all_qualifying,0.1
334,116,0.3473053892215569,334.0,-15.729999999999993,-0.04709580838323351,3.8053293413173654,0.5848879241997618,-29.319999999999993,2017/18,Team + Market + Elo/Rest,all_qualifying,0.15
378,107,0.2830687830687831,378.0,14.86,0.03931216931216931,5.514814814814816,0.5045036262691809,-38.28,2017/18,Team + Market + Elo/Rest + sigmoid,argmax,0.0
373,106,0.28418230563002683,373.0,18.259999999999998,0.048954423592493294,5.565201072386058,0.511155898244308,-37.28,2017/18,Team + Market + Elo/Rest + sigmoid,argmax,0.02
369,104,0.28184281842818426,369.0,16.56,0.0448780487804878,5.5940921409214095,0.5162638936806011,-36.28,2017/18,Team + Market + Elo/Rest + sigmoid,argmax,0.05
338,95,0.28106508875739644,338.0,25.790000000000003,0.076301775147929,5.7921893491124266,0.5564526772380403,-34.66,2017/18,Team + Market + Elo/Rest + sigmoid,argmax,0.1
310,78,0.25161290322580643,310.0,11.98,0.03864516129032258,6.078774193548387,0.5957694298560178,-38.239999999999995,2017/18,Team + Market + Elo/Rest + sigmoid,argmax,0.15
511,131,0.2563600782778865,511.0,-5.220000000000006,-0.010215264187866939,5.840684931506849,0.44829690802977196,-81.80000000000001,2017/18,Team + Market + Elo/Rest + sigmoid,all_qualifying,0.0
488,124,0.2540983606557377,488.0,1.7700000000000031,0.0036270491803278753,5.950061475409837,0.4690171402524607,-75.88,2017/18,Team + Market + Elo/Rest + sigmoid,all_qualifying,0.02
472,118,0.25,472.0,0.480000000000004,0.0010169491525423814,6.000084745762712,0.4837525313450591,-78.66999999999999,2017/18,Team + Market + Elo/Rest + sigmoid,all_qualifying,0.05
417,104,0.24940047961630696,417.0,16.07999999999999,0.03856115107913667,6.319760191846523,0.5377126172638086,-63.0,2017/18,Team + Market + Elo/Rest + sigmoid,all_qualifying,0.1
375,85,0.22666666666666666,375.0,9.980000000000004,0.026613333333333343,6.581786666666667,0.5842056113944238,-60.14,2017/18,Team + Market + Elo/Rest + sigmoid,all_qualifying,0.15
376,131,0.3484042553191489,376.0,-18.699999999999996,-0.04973404255319148,3.922686170212766,0.40239177628056894,-51.88000000000001,2017/18,Team + Market + isotonic,argmax,0.0
371,128,0.3450134770889488,371.0,-17.69999999999999,-0.04770889487870617,3.938194070080863,0.40768997497396126,-51.55000000000001,2017/18,Team + Market + isotonic,argmax,0.02
366,126,0.3442622950819672,366.0,-25.41999999999999,-0.06945355191256829,3.931311475409836,0.41271843953074816,-60.27000000000001,2017/18,Team + Market + isotonic,argmax,0.05
340,117,0.34411764705882353,340.0,-12.389999999999997,-0.03644117647058823,4.02535294117647,0.43822262824615593,-48.059999999999995,2017/18,Team + Market + isotonic,argmax,0.1
313,106,0.33865814696485624,313.0,-6.419999999999997,-0.02051118210862619,4.147827476038339,0.46510126049898204,-40.720000000000006,2017/18,Team + Market + isotonic,argmax,0.15
475,165,0.3473684210526316,475.0,-26.86999999999999,-0.05656842105263156,4.057663157894736,0.3490852614820453,-69.3,2017/18,Team + Market + isotonic,all_qualifying,0.0
464,160,0.3448275862068966,464.0,-23.11999999999999,-0.04982758620689653,4.088771551724138,0.3571934250328013,-64.97,2017/18,Team + Market + isotonic,all_qualifying,0.02
441,150,0.3401360544217687,441.0,-39.54999999999998,-0.08968253968253964,4.02124716553288,0.3738702827348543,-69.4,2017/18,Team + Market + isotonic,all_qualifying,0.05
388,131,0.33762886597938147,388.0,-25.139999999999993,-0.06479381443298968,4.172396907216495,0.41439262660442977,-57.66000000000001,2017/18,Team + Market + isotonic,all_qualifying,0.1
344,114,0.3313953488372093,344.0,-15.899999999999991,-0.04622093023255811,4.321889534883721,0.4513730553944394,-44.39999999999999,2017/18,Team + Market + isotonic,all_qualifying,0.15
375,113,0.30133333333333334,375.0,17.380000000000006,0.04634666666666668,4.967573333333334,0.3718478149887818,-36.279999999999994,2017/18,Team + Market + sigmoid,argmax,0.0
372,113,0.30376344086021506,372.0,20.38000000000001,0.05478494623655917,4.9843817204301075,0.37481829266839506,-35.28,2017/18,Team + Market + sigmoid,argmax,0.02
366,110,0.3005464480874317,366.0,21.26,0.058087431693989076,5.013469945355191,0.3803553339385711,-35.89,2017/18,Team + Market + sigmoid,argmax,0.05
333,95,0.2852852852852853,333.0,15.980000000000002,0.04798798798798799,5.214624624624625,0.41022841899819035,-42.419999999999995,2017/18,Team + Market + sigmoid,argmax,0.1
286,78,0.2727272727272727,286.0,16.640000000000004,0.058181818181818196,5.546048951048951,0.4569047746307896,-36.519999999999996,2017/18,Team + Market + sigmoid,argmax,0.15
504,146,0.2896825396825397,504.0,18.320000000000004,0.03634920634920636,5.489007936507937,0.3270699691311965,-52.099999999999994,2017/18,Team + Market + sigmoid,all_qualifying,0.0
481,136,0.28274428274428276,481.0,20.830000000000005,0.04330561330561332,5.622453222453222,0.34225857933553666,-52.31,2017/18,Team + Market + sigmoid,all_qualifying,0.02
446,124,0.27802690582959644,446.0,23.43,0.052533632286995514,5.743856502242152,0.3662633657713537,-52.22,2017/18,Team + Market + sigmoid,all_qualifying,0.05
389,102,0.2622107969151671,389.0,8.030000000000001,0.020642673521850903,6.00784061696658,0.4087713936337577,-46.75,2017/18,Team + Market + sigmoid,all_qualifying,0.1
332,82,0.2469879518072289,332.0,4.590000000000005,0.013825301204819293,6.434487951807229,0.45772764954588496,-43.0,2017/18,Team + Market + sigmoid,all_qualifying,0.15
377,142,0.376657824933687,377.0,-38.28000000000001,-0.10153846153846156,4.079363395225465,0.530524812581485,-46.08,2018/19,HistGB + Elo/Rest,argmax,0.0
373,139,0.3726541554959786,373.0,-40.940000000000005,-0.10975871313672923,4.095335120643432,0.5360768086288746,-48.739999999999995,2018/19,HistGB + Elo/Rest,argmax,0.02
366,134,0.366120218579235,366.0,-39.60999999999999,-0.10822404371584697,4.082595628415301,0.5455914858601705,-47.31000000000001,2018/19,HistGB + Elo/Rest,argmax,0.05
334,114,0.3413173652694611,334.0,-53.22,-0.15934131736526946,4.218532934131736,0.5901626328472646,-62.67000000000001,2018/19,HistGB + Elo/Rest,argmax,0.1
307,104,0.33876221498371334,307.0,-42.38,-0.1380456026058632,4.372540716612377,0.630874614352322,-52.669999999999995,2018/19,HistGB + Elo/Rest,argmax,0.15
494,176,0.3562753036437247,494.0,-45.239999999999995,-0.09157894736842104,4.261234817813764,0.4594853567889551,-53.86000000000002,2018/19,HistGB + Elo/Rest,all_qualifying,0.0
476,169,0.3550420168067227,476.0,-42.84,-0.09000000000000001,4.3106302521008395,0.47645371389157354,-49.320000000000014,2018/19,HistGB + Elo/Rest,all_qualifying,0.02
449,156,0.34743875278396436,449.0,-49.96000000000001,-0.11126948775055681,4.3305790645879725,0.5029236307339257,-56.06000000000003,2018/19,HistGB + Elo/Rest,all_qualifying,0.05
388,123,0.3170103092783505,388.0,-62.50000000000001,-0.16108247422680413,4.5557216494845365,0.5698239809396594,-73.35000000000002,2018/19,HistGB + Elo/Rest,all_qualifying,0.1
349,109,0.3123209169054441,349.0,-50.879999999999995,-0.14578796561604584,4.759656160458452,0.6191574928167946,-61.57000000000001,2018/19,HistGB + Elo/Rest,all_qualifying,0.15
376,93,0.2473404255319149,376.0,-27.819999999999997,-0.07398936170212765,5.890851063829787,0.6613788375507169,-41.88000000000002,2018/19,HistGB + Elo/Rest + sigmoid,argmax,0.0
368,91,0.24728260869565216,368.0,-25.92,-0.07043478260869565,5.954891304347826,0.6754424349637427,-39.17000000000001,2018/19,HistGB + Elo/Rest + sigmoid,argmax,0.02
357,88,0.24649859943977592,357.0,-21.320000000000004,-0.059719887955182085,6.046106442577031,0.695151104183466,-37.17000000000001,2018/19,HistGB + Elo/Rest + sigmoid,argmax,0.05
323,73,0.2260061919504644,323.0,-32.47,-0.10052631578947369,6.344427244582043,0.7603081758282453,-33.75000000000001,2018/19,HistGB + Elo/Rest + sigmoid,argmax,0.1
284,62,0.21830985915492956,284.0,-32.12,-0.11309859154929576,6.7475,0.8472427181173708,-33.120000000000005,2018/19,HistGB + Elo/Rest + sigmoid,argmax,0.15
525,114,0.21714285714285714,525.0,-60.23,-0.11472380952380952,6.235961904761905,0.582540563935412,-71.55000000000003,2018/19,HistGB + Elo/Rest + sigmoid,all_qualifying,0.0
500,109,0.218,500.0,-50.64000000000001,-0.10128000000000001,6.3779200000000005,0.6111189245601109,-61.96000000000004,2018/19,HistGB + Elo/Rest + sigmoid,all_qualifying,0.02
461,100,0.21691973969631237,461.0,-36.67000000000001,-0.07954446854663777,6.620151843817788,0.6598263444107224,-56.030000000000015,2018/19,HistGB + Elo/Rest + sigmoid,all_qualifying,0.05
406,82,0.2019704433497537,406.0,-41.72,-0.10275862068965518,7.023226600985221,0.739218669651596,-54.47000000000002,2018/19,HistGB + Elo/Rest + sigmoid,all_qualifying,0.1
357,70,0.19607843137254902,357.0,-36.12,-0.10117647058823528,7.425546218487395,0.8233316303100309,-45.730000000000004,2018/19,HistGB + Elo/Rest + sigmoid,all_qualifying,0.15
0,0,0.0,0.0,0.0,0.0,,,0.0,2018/19,Market baseline,argmax,0.0
0,0,0.0,0.0,0.0,0.0,,,0.0,2018/19,Market baseline,argmax,0.02
0,0,0.0,0.0,0.0,0.0,,,0.0,2018/19,Market baseline,argmax,0.05
0,0,0.0,0.0,0.0,0.0,,,0.0,2018/19,Market baseline,argmax,0.1
0,0,0.0,0.0,0.0,0.0,,,0.0,2018/19,Market baseline,argmax,0.15
0,0,0.0,0.0,0.0,0.0,,,0.0,2018/19,Market baseline,all_qualifying,0.0
0,0,0.0,0.0,0.0,0.0,,,0.0,2018/19,Market baseline,all_qualifying,0.02
0,0,0.0,0.0,0.0,0.0,,,0.0,2018/19,Market baseline,all_qualifying,0.05
0,0,0.0,0.0,0.0,0.0,,,0.0,2018/19,Market baseline,all_qualifying,0.1
0,0,0.0,0.0,0.0,0.0,,,0.0,2018/19,Market baseline,all_qualifying,0.15
368,140,0.3804347826086957,368.0,-9.729999999999997,-0.026440217391304338,4.141168478260869,0.09337859858693953,-41.04000000000003,2018/19,Market logistic,argmax,0.0
344,122,0.3546511627906977,344.0,-15.27000000000001,-0.04438953488372096,4.264331395348837,0.09925379001747299,-45.19000000000002,2018/19,Market logistic,argmax,0.02
271,84,0.30996309963099633,271.0,-8.93,-0.032952029520295203,4.7139114391143915,0.11634779671264821,-38.02,2018/19,Market logistic,argmax,0.05
77,11,0.14285714285714285,77.0,-9.150000000000002,-0.11883116883116886,9.16181818181818,0.2254487350725224,-26.2,2018/19,Market logistic,argmax,0.1
43,2,0.046511627906976744,43.0,-14.5,-0.3372093023255814,12.13953488372093,0.31166998193555906,-22.0,2018/19,Market logistic,argmax,0.15
565,212,0.3752212389380531,565.0,-26.26,-0.04647787610619469,4.254637168141593,0.06868541548027832,-44.590000000000025,2018/19,Market logistic,all_qualifying,0.0
422,157,0.37203791469194314,422.0,-2.5300000000000047,-0.00599526066350712,4.68324644549763,0.08829833749920389,-38.18000000000003,2018/19,Market logistic,all_qualifying,0.02
278,84,0.302158273381295,278.0,-15.930000000000003,-0.05730215827338131,5.322553956834533,0.11751656031729583,-42.02000000000002,2018/19,Market logistic,all_qualifying,0.05
81,11,0.13580246913580246,81.0,-13.15,-0.16234567901234567,10.474814814814815,0.22576327380175826,-28.2,2018/19,Market logistic,all_qualifying,0.1
47,2,0.0425531914893617,47.0,-18.5,-0.39361702127659576,14.148936170212766,0.3048740808635581,-24.0,2018/19,Market logistic,all_qualifying,0.15
378,139,0.36772486772486773,378.0,-19.569999999999993,-0.051772486772486755,3.6634656084656085,0.16154699966008518,-47.29000000000001,2018/19,Market logistic + isotonic,argmax,0.0
373,135,0.36193029490616624,373.0,-24.269999999999996,-0.06506702412868631,3.675308310991957,0.1635322214541814,-52.29000000000003,2018/19,Market logistic + isotonic,argmax,0.02
341,122,0.35777126099706746,341.0,-20.82999999999999,-0.06108504398826977,3.776217008797654,0.17514608006308055,-47.18000000000001,2018/19,Market logistic + isotonic,argmax,0.05
250,83,0.332,250.0,-21.060000000000002,-0.08424000000000001,4.196359999999999,0.21143009078243488,-42.84,2018/19,Market logistic + isotonic,argmax,0.1
171,53,0.30994152046783624,171.0,-6.59,-0.038538011695906434,4.892748538011697,0.2506127700102226,-31.229999999999993,2018/19,Market logistic + isotonic,argmax,0.15
507,198,0.3905325443786982,507.0,-19.519999999999996,-0.038500986193293875,3.3981854043392503,0.12737231805072258,-37.99,2018/19,Market logistic + isotonic,all_qualifying,0.0
445,168,0.3775280898876405,445.0,-34.78,-0.07815730337078652,3.5034157303370788,0.14356160128749393,-49.930000000000014,2018/19,Market logistic + isotonic,all_qualifying,0.02
357,130,0.3641456582633053,357.0,-23.929999999999993,-0.06703081232492995,3.741008403361344,0.17058385751425886,-48.23000000000003,2018/19,Market logistic + isotonic,all_qualifying,0.05
252,85,0.3373015873015873,252.0,-19.919999999999998,-0.07904761904761905,4.175515873015873,0.2107915565405184,-41.70000000000001,2018/19,Market logistic + isotonic,all_qualifying,0.1
171,53,0.30994152046783624,171.0,-6.59,-0.038538011695906434,4.892748538011697,0.2506127700102226,-31.229999999999993,2018/19,Market logistic + isotonic,all_qualifying,0.15
379,110,0.29023746701846964,379.0,-18.610000000000007,-0.0491029023746702,4.729788918205805,0.22389056715811279,-39.04,2018/19,Market logistic + sigmoid,argmax,0.0
375,108,0.288,375.0,-18.220000000000002,-0.048586666666666674,4.758906666666666,0.2262108390551749,-39.04,2018/19,Market logistic + sigmoid,argmax,0.02
336,90,0.26785714285714285,336.0,-27.040000000000003,-0.08047619047619048,4.958095238095238,0.2481899492536083,-48.830000000000005,2018/19,Market logistic + sigmoid,argmax,0.05
228,51,0.2236842105263158,228.0,-9.46,-0.04149122807017544,6.076315789473685,0.3280446961899368,-34.56,2018/19,Market logistic + sigmoid,argmax,0.1
131,17,0.1297709923664122,131.0,-20.25,-0.15458015267175573,8.155038167938931,0.48330864506394533,-36.5,2018/19,Market logistic + sigmoid,argmax,0.15
442,129,0.2918552036199095,442.0,-22.779999999999994,-0.051538461538461526,5.62341628959276,0.21032410786565808,-52.02,2018/19,Market logistic + sigmoid,all_qualifying,0.0
414,113,0.27294685990338163,414.0,-29.519999999999996,-0.07130434782608695,5.844106280193237,0.2238919115602901,-52.04,2018/19,Market logistic + sigmoid,all_qualifying,0.02
359,91,0.25348189415041783,359.0,-29.04,-0.08089136490250697,6.183621169916435,0.2530071627440341,-51.660000000000004,2018/19,Market logistic + sigmoid,all_qualifying,0.05
246,52,0.21138211382113822,246.0,-6.460000000000001,-0.02626016260162602,7.513821138211382,0.33269683013662676,-39.26000000000001,2018/19,Market logistic + sigmoid,all_qualifying,0.1
145,18,0.12413793103448276,145.0,-13.25,-0.09137931034482759,10.036620689655171,0.48192610592350604,-40.5,2018/19,Market logistic + sigmoid,all_qualifying,0.15
373,128,0.34316353887399464,373.0,-8.919999999999998,-0.023914209115281495,4.563967828418231,0.2554994142119049,-28.949999999999996,2018/19,Team + Market,argmax,0.0
358,124,0.3463687150837989,358.0,-0.23999999999999488,-0.0006703910614524997,4.4204748603351955,0.265764856145753,-27.000000000000007,2018/19,Team + Market,argmax,0.02
337,109,0.32344213649851633,337.0,-2.0999999999999983,-0.006231454005934713,4.557091988130564,0.2802225683665901,-26.230000000000004,2018/19,Team + Market,argmax,0.05
281,83,0.29537366548042704,281.0,-6.259999999999993,-0.022277580071174353,4.770035587188612,0.32073682624770217,-27.39,2018/19,Team + Market,argmax,0.1
231,64,0.27705627705627706,231.0,-5.52,-0.023896103896103894,4.964805194805196,0.36339870922673767,-25.39,2018/19,Team + Market,argmax,0.15
482,166,0.34439834024896265,482.0,-28.61999999999999,-0.05937759336099583,4.3148547717842325,0.21617810478506544,-37.00000000000001,2018/19,Team + Market,all_qualifying,0.0
444,149,0.3355855855855856,444.0,-24.48,-0.055135135135135134,4.286981981981982,0.23389206617014394,-32.400000000000006,2018/19,Team + Market,all_qualifying,0.02
398,126,0.3165829145728643,398.0,-14.67,-0.03685929648241206,4.514874371859297,0.2570269205245799,-32.06,2018/19,Team + Market,all_qualifying,0.05
307,90,0.2931596091205212,307.0,-12.319999999999999,-0.040130293159609115,4.877654723127036,0.310819631827635,-30.709999999999997,2018/19,Team + Market,all_qualifying,0.1
246,68,0.2764227642276423,246.0,-8.019999999999998,-0.032601626016260155,5.146300813008131,0.3572164907884012,-25.89,2018/19,Team + Market,all_qualifying,0.15
373,135,0.36193029490616624,373.0,-6.389999999999997,-0.017131367292225193,4.282225201072386,0.2875919643114767,-27.429999999999996,2018/19,Team + Market + Elo/Rest,argmax,0.0
361,129,0.3573407202216066,361.0,-9.610000000000003,-0.02662049861495846,4.307673130193907,0.2967046029362979,-30.390000000000008,2018/19,Team + Market + Elo/Rest,argmax,0.02
334,114,0.3413173652694611,334.0,-4.48,-0.013413173652694612,4.471646706586826,0.3178972412185245,-29.67,2018/19,Team + Market + Elo/Rest,argmax,0.05
284,88,0.30985915492957744,284.0,-5.819999999999998,-0.020492957746478864,4.741021126760564,0.3604870353958227,-30.410000000000004,2018/19,Team + Market + Elo/Rest,argmax,0.1
230,65,0.2826086956521739,230.0,-7.559999999999995,-0.03286956521739128,4.974173913043478,0.4157779220783138,-30.270000000000003,2018/19,Team + Market + Elo/Rest,argmax,0.15
485,171,0.3525773195876289,485.0,-19.889999999999993,-0.041010309278350504,4.185608247422681,0.24297420960031854,-39.84,2018/19,Team + Market + Elo/Rest,all_qualifying,0.0
455,160,0.3516483516483517,455.0,-17.409999999999997,-0.038263736263736255,4.26843956043956,0.25826537904760555,-31.339999999999996,2018/19,Team + Market + Elo/Rest,all_qualifying,0.02
395,135,0.34177215189873417,395.0,0.3400000000000052,0.0008607594936708992,4.48053164556962,0.29219407325197183,-23.770000000000007,2018/19,Team + Market + Elo/Rest,all_qualifying,0.05
318,98,0.3081761006289308,318.0,-2.3000000000000007,-0.007232704402515725,4.82559748427673,0.34479668095160027,-22.35,2018/19,Team + Market + Elo/Rest,all_qualifying,0.1
254,72,0.28346456692913385,254.0,-4.9099999999999975,-0.019330708661417312,5.112716535433071,0.40041666683402144,-27.78,2018/19,Team + Market + Elo/Rest,all_qualifying,0.15
373,106,0.28418230563002683,373.0,-2.7699999999999925,-0.00742627345844502,5.6028418230563,0.4405119832859721,-37.25,2018/19,Team + Market + Elo/Rest + sigmoid,argmax,0.0
360,98,0.2722222222222222,360.0,-12.75,-0.035416666666666666,5.697500000000001,0.45604651409213026,-35.910000000000004,2018/19,Team + Market + Elo/Rest + sigmoid,argmax,0.02
331,88,0.26586102719033233,331.0,-12.470000000000006,-0.03767371601208461,5.947583081570997,0.49293983362162513,-35.72,2018/19,Team + Market + Elo/Rest + sigmoid,argmax,0.05
268,66,0.2462686567164179,268.0,-18.08,-0.06746268656716417,6.554216417910449,0.5910224974857976,-33.11000000000001,2018/19,Team + Market + Elo/Rest + sigmoid,argmax,0.1
237,56,0.23628691983122363,237.0,-17.55999999999999,-0.07409282700421937,6.958481012658228,0.6529887781662213,-35.85,2018/19,Team + Market + Elo/Rest + sigmoid,argmax,0.15
515,130,0.2524271844660194,515.0,-14.450000000000003,-0.02805825242718447,6.292252427184467,0.4093901226466119,-62.40000000000001,2018/19,Team + Market + Elo/Rest + sigmoid,all_qualifying,0.0
484,116,0.2396694214876033,484.0,-31.099999999999998,-0.06425619834710744,6.451115702479339,0.4350611273733893,-59.36000000000001,2018/19,Team + Market + Elo/Rest + sigmoid,all_qualifying,0.02
436,101,0.231651376146789,436.0,-29.97,-0.06873853211009175,6.790321100917431,0.4792679080966426,-53.420000000000016,2018/19,Team + Market + Elo/Rest + sigmoid,all_qualifying,0.05
351,76,0.21652421652421652,351.0,-25.029999999999998,-0.0713105413105413,7.476438746438746,0.5770278371526186,-49.01000000000002,2018/19,Team + Market + Elo/Rest + sigmoid,all_qualifying,0.1
310,61,0.1967741935483871,310.0,-46.56,-0.15019354838709678,7.899387096774193,0.6376063640686713,-49.24000000000001,2018/19,Team + Market + Elo/Rest + sigmoid,all_qualifying,0.15
372,116,0.3118279569892473,372.0,-28.42,-0.0763978494623656,4.88784946236559,0.3453379193072428,-39.529999999999994,2018/19,Team + Market + isotonic,argmax,0.0
362,113,0.31215469613259667,362.0,-25.599999999999998,-0.07071823204419889,4.926381215469614,0.35450614378582757,-36.279999999999994,2018/19,Team + Market + isotonic,argmax,0.02
340,101,0.29705882352941176,340.0,-29.85,-0.08779411764705883,5.092058823529412,0.3750192741920306,-39.21999999999999,2018/19,Team + Market + isotonic,argmax,0.05
292,79,0.2705479452054795,292.0,-30.090000000000003,-0.10304794520547947,5.432054794520548,0.4242339494282401,-35.83999999999999,2018/19,Team + Market + isotonic,argmax,0.1
251,63,0.250996015936255,251.0,-30.760000000000005,-0.12254980079681277,5.845776892430279,0.47386090039548495,-35.08,2018/19,Team + Market + isotonic,argmax,0.15
514,149,0.2898832684824903,514.0,-40.71,-0.0792023346303502,5.180175097276264,0.2855198055139715,-46.98,2018/19,Team + Market + isotonic,all_qualifying,0.0
477,134,0.2809224318658281,477.0,-56.03,-0.11746331236897276,5.315345911949685,0.3068395823600848,-57.53,2018/19,Team + Market + isotonic,all_qualifying,0.02
426,116,0.27230046948356806,426.0,-49.0,-0.11502347417840375,5.5512910798122075,0.33945407657818644,-51.500000000000014,2018/19,Team + Market + isotonic,all_qualifying,0.05
338,87,0.257396449704142,338.0,-29.65,-0.08772189349112426,6.040236686390532,0.4089678543580967,-36.26,2018/19,Team + Market + isotonic,all_qualifying,0.1
283,67,0.23674911660777384,283.0,-31.759999999999998,-0.11222614840989399,6.554204946996467,0.46473092372435254,-37.47999999999999,2018/19,Team + Market + isotonic,all_qualifying,0.15
371,103,0.2776280323450135,371.0,-19.160000000000007,-0.05164420485175204,5.508086253369272,0.4036109544477733,-45.99999999999999,2018/19,Team + Market + sigmoid,argmax,0.0
355,94,0.2647887323943662,355.0,-28.51,-0.08030985915492958,5.636788732394366,0.4212333584594054,-47.50999999999999,2018/19,Team + Market + sigmoid,argmax,0.02
332,84,0.25301204819277107,332.0,-29.97,-0.0902710843373494,5.828403614457831,0.44785110126640365,-45.86999999999998,2018/19,Team + Market + sigmoid,argmax,0.05
278,69,0.24820143884892087,278.0,-18.460000000000008,-0.06640287769784176,6.358812949640288,0.5211281570285984,-34.53999999999999,2018/19,Team + Market + sigmoid,argmax,0.1
230,55,0.2391304347826087,230.0,-7.289999999999996,-0.03169565217391303,6.980434782608696,0.604309720789673,-25.4,2018/19,Team + Market + sigmoid,argmax,0.15
517,124,0.23984526112185686,517.0,-53.43999999999999,-0.10336557059961314,6.247001934235977,0.3636088178450456,-68.84,2018/19,Team + Market + sigmoid,all_qualifying,0.0
479,109,0.22755741127348644,479.0,-56.50999999999999,-0.11797494780793318,6.490835073068894,0.3915742210918729,-70.50999999999999,2018/19,Team + Market + sigmoid,all_qualifying,0.02
437,97,0.2219679633867277,437.0,-45.86999999999999,-0.10496567505720822,6.721807780320366,0.42583844696768813,-67.87,2018/19,Team + Market + sigmoid,all_qualifying,0.05
354,76,0.21468926553672316,354.0,-38.86,-0.10977401129943502,7.387005649717514,0.5087092689177676,-48.239999999999995,2018/19,Team + Market + sigmoid,all_qualifying,0.1
293,60,0.20477815699658702,293.0,-25.689999999999994,-0.08767918088737199,8.064334470989762,0.5891484733465593,-47.4,2018/19,Team + Market + sigmoid,all_qualifying,0.15
372,164,0.44086021505376344,372.0,18.350000000000005,0.04932795698924732,3.1437365591397852,0.2697244070795034,-21.429999999999993,2019/20,HistGB + Elo/Rest,argmax,0.0
357,158,0.4425770308123249,357.0,18.029999999999998,0.05050420168067226,3.152408963585434,0.2805465329211725,-19.490000000000002,2019/20,HistGB + Elo/Rest,argmax,0.02
332,145,0.4367469879518072,332.0,16.959999999999994,0.051084337349397574,3.1358734939759034,0.2989284220704854,-27.310000000000006,2019/20,HistGB + Elo/Rest,argmax,0.05
290,117,0.40344827586206894,290.0,6.379999999999998,0.021999999999999992,3.2304482758620687,0.3309567674724799,-34.39000000000001,2019/20,HistGB + Elo/Rest,argmax,0.1
237,93,0.3924050632911392,237.0,19.61,0.08274261603375527,3.4126582278481012,0.3768695536876852,-28.230000000000004,2019/20,HistGB + Elo/Rest,argmax,0.15
457,195,0.42669584245076586,457.0,17.209999999999994,0.037658643326039375,3.1265645514223195,0.23370551803350353,-17.45,2019/20,HistGB + Elo/Rest,all_qualifying,0.0
420,184,0.4380952380952381,420.0,28.37,0.06754761904761905,3.162809523809524,0.2533718533579193,-17.330000000000002,2019/20,HistGB + Elo/Rest,all_qualifying,0.02
377,163,0.4323607427055703,377.0,27.619999999999997,0.07326259946949601,3.1795225464190984,0.27822478366264747,-20.220000000000002,2019/20,HistGB + Elo/Rest,all_qualifying,0.05
315,126,0.4,315.0,7.059999999999996,0.0224126984126984,3.2871428571428574,0.3179775092029093,-31.509999999999998,2019/20,HistGB + Elo/Rest,all_qualifying,0.1
248,96,0.3870967741935484,248.0,17.06,0.06879032258064516,3.4787096774193547,0.3703960346132084,-27.750000000000004,2019/20,HistGB + Elo/Rest,all_qualifying,0.15
360,103,0.2861111111111111,360.0,19.720000000000002,0.054777777777777786,4.9006388888888885,0.3556729075741501,-31.590000000000003,2019/20,HistGB + Elo/Rest + sigmoid,argmax,0.0
350,100,0.2857142857142857,350.0,23.129999999999995,0.06608571428571428,4.950685714285714,0.36551894249724876,-30.640000000000004,2019/20,HistGB + Elo/Rest + sigmoid,argmax,0.02
322,92,0.2857142857142857,322.0,33.33,0.10350931677018634,5.1163043478260875,0.3945408328528068,-26.930000000000003,2019/20,HistGB + Elo/Rest + sigmoid,argmax,0.05
270,72,0.26666666666666666,270.0,31.63,0.11714814814814814,5.501814814814815,0.45634171527633605,-31.34,2019/20,HistGB + Elo/Rest + sigmoid,argmax,0.1
238,60,0.25210084033613445,238.0,31.559999999999995,0.1326050420168067,5.856806722689076,0.5003847886854419,-32.64,2019/20,HistGB + Elo/Rest + sigmoid,argmax,0.15
435,115,0.26436781609195403,435.0,-4.800000000000001,-0.01103448275862069,5.289885057471264,0.34449240698945927,-38.68000000000001,2019/20,HistGB + Elo/Rest + sigmoid,all_qualifying,0.0
418,111,0.26555023923444976,418.0,4.08,0.009760765550239234,5.360239234449761,0.3580949238533341,-34.04,2019/20,HistGB + Elo/Rest + sigmoid,all_qualifying,0.02
380,98,0.2578947368421053,380.0,13.129999999999999,0.03455263157894736,5.5880789473684205,0.39063407838435527,-28.65,2019/20,HistGB + Elo/Rest + sigmoid,all_qualifying,0.05
319,76,0.23824451410658307,319.0,12.630000000000008,0.039592476489028236,6.014451410658308,0.4510715443246841,-27.89,2019/20,HistGB + Elo/Rest + sigmoid,all_qualifying,0.1
276,63,0.22826086956521738,276.0,17.059999999999995,0.061811594202898536,6.402789855072464,0.5014529874732555,-24.0,2019/20,HistGB + Elo/Rest + sigmoid,all_qualifying,0.15
44,7,0.1590909090909091,44.0,18.5,0.42045454545454547,8.017727272727273,0.025081039274990547,-14.0,2019/20,Market baseline,argmax,0.0
22,4,0.18181818181818182,22.0,15.5,0.7045454545454546,9.477272727272727,0.04292401255695499,-10.0,2019/20,Market baseline,argmax,0.02
7,2,0.2857142857142857,7.0,15.5,2.2142857142857144,10.571428571428571,0.06831916212856977,-3.0,2019/20,Market baseline,argmax,0.05
0,0,0.0,0.0,0.0,0.0,,,0.0,2019/20,Market baseline,argmax,0.1
0,0,0.0,0.0,0.0,0.0,,,0.0,2019/20,Market baseline,argmax,0.15
45,7,0.15555555555555556,45.0,17.5,0.3888888888888889,7.978444444444444,0.024523806630787803,-14.0,2019/20,Market baseline,all_qualifying,0.0
22,4,0.18181818181818182,22.0,15.5,0.7045454545454546,9.477272727272727,0.04292401255695499,-10.0,2019/20,Market baseline,all_qualifying,0.02
7,2,0.2857142857142857,7.0,15.5,2.2142857142857144,10.571428571428571,0.06831916212856977,-3.0,2019/20,Market baseline,all_qualifying,0.05
0,0,0.0,0.0,0.0,0.0,,,0.0,2019/20,Market baseline,all_qualifying,0.1
0,0,0.0,0.0,0.0,0.0,,,0.0,2019/20,Market baseline,all_qualifying,0.15
167,53,0.31736526946107785,167.0,-0.03999999999999915,-0.00023952095808382724,4.551976047904192,0.041812227110782155,-17.09,2019/20,Market logistic,argmax,0.0
83,25,0.30120481927710846,83.0,2.5000000000000018,0.030120481927710864,5.857831325301205,0.07513791514179821,-14.719999999999999,2019/20,Market logistic,argmax,0.02
33,6,0.18181818181818182,33.0,19.61,0.5942424242424242,9.824545454545454,0.14366807750346475,-10.0,2019/20,Market logistic,argmax,0.05
22,4,0.18181818181818182,22.0,20.5,0.9318181818181818,10.863636363636363,0.1788805922613604,-9.0,2019/20,Market logistic,argmax,0.1
12,2,0.16666666666666666,12.0,14.0,1.1666666666666667,12.125,0.22502493239551105,-6.0,2019/20,Market logistic,argmax,0.15
199,70,0.35175879396984927,199.0,2.8500000000000005,0.014321608040201007,4.562311557788945,0.037890100472969465,-13.989999999999998,2019/20,Market logistic,all_qualifying,0.0
97,32,0.32989690721649484,97.0,-2.050000000000008,-0.021134020618556782,5.865567010309277,0.06843288015627969,-14.940000000000001,2019/20,Market logistic,all_qualifying,0.02
33,6,0.18181818181818182,33.0,19.61,0.5942424242424242,9.824545454545454,0.14366807750346475,-10.0,2019/20,Market logistic,all_qualifying,0.05
22,4,0.18181818181818182,22.0,20.5,0.9318181818181818,10.863636363636363,0.1788805922613604,-9.0,2019/20,Market logistic,all_qualifying,0.1
12,2,0.16666666666666666,12.0,14.0,1.1666666666666667,12.125,0.22502493239551105,-6.0,2019/20,Market logistic,all_qualifying,0.15
314,99,0.31528662420382164,314.0,-21.080000000000005,-0.06713375796178346,3.7017515923566875,0.0985946033150206,-34.31999999999999,2019/20,Market logistic + isotonic,argmax,0.0
268,87,0.3246268656716418,268.0,-10.729999999999993,-0.04003731343283579,3.8220149253731344,0.11359860406147188,-29.720000000000002,2019/20,Market logistic + isotonic,argmax,0.02
197,64,0.3248730964467005,197.0,-11.660000000000004,-0.059187817258883266,4.056142131979695,0.14159120827559712,-29.490000000000002,2019/20,Market logistic + isotonic,argmax,0.05
127,43,0.33858267716535434,127.0,-8.920000000000002,-0.07023622047244096,4.349527559055118,0.17775944269261698,-26.140000000000004,2019/20,Market logistic + isotonic,argmax,0.1
77,26,0.33766233766233766,77.0,4.819999999999999,0.0625974025974026,4.942467532467533,0.21274494967466104,-21.770000000000003,2019/20,Market logistic + isotonic,argmax,0.15
366,123,0.3360655737704918,366.0,-21.63,-0.0590983606557377,3.5223497267759565,0.08861899799848318,-35.0,2019/20,Market logistic + isotonic,all_qualifying,0.0
298,102,0.3422818791946309,298.0,-13.379999999999995,-0.04489932885906039,3.6569798657718118,0.10645641017883631,-33.370000000000005,2019/20,Market logistic + isotonic,all_qualifying,0.02
210,69,0.32857142857142857,210.0,-15.689999999999994,-0.07471428571428569,3.9487142857142854,0.1365136298511668,-30.999999999999996,2019/20,Market logistic + isotonic,all_qualifying,0.05
127,43,0.33858267716535434,127.0,-8.920000000000002,-0.07023622047244096,4.349527559055118,0.17775944269261698,-26.140000000000004,2019/20,Market logistic + isotonic,all_qualifying,0.1
77,26,0.33766233766233766,77.0,4.819999999999999,0.0625974025974026,4.942467532467533,0.21274494967466104,-21.770000000000003,2019/20,Market logistic + isotonic,all_qualifying,0.15
258,69,0.26744186046511625,258.0,1.240000000000002,0.004806201550387605,4.768372093023255,0.15071528875315224,-27.73,2019/20,Market logistic + sigmoid,argmax,0.0
190,46,0.24210526315789474,190.0,12.87,0.06773684210526315,5.468421052631579,0.20105399963076853,-26.05,2019/20,Market logistic + sigmoid,argmax,0.02
122,24,0.19672131147540983,122.0,29.18,0.23918032786885246,6.88,0.2949153707232771,-19.0,2019/20,Market logistic + sigmoid,argmax,0.05
98,15,0.15306122448979592,98.0,11.25,0.11479591836734694,7.4346938775510205,0.34779767912346937,-22.0,2019/20,Market logistic + sigmoid,argmax,0.1
72,9,0.125,72.0,4.0,0.05555555555555555,8.20486111111111,0.4283971375485499,-21.0,2019/20,Market logistic + sigmoid,argmax,0.15
326,89,0.27300613496932513,326.0,10.430000000000005,0.03199386503067486,5.2564110429447855,0.12924236414545165,-31.060000000000002,2019/20,Market logistic + sigmoid,all_qualifying,0.0
227,58,0.2555066079295154,227.0,23.21,0.1022466960352423,6.12035242290749,0.18151419839050145,-17.83,2019/20,Market logistic + sigmoid,all_qualifying,0.02
134,25,0.1865671641791045,134.0,38.18,0.28492537313432836,8.151940298507464,0.2850775685437234,-14.25,2019/20,Market logistic + sigmoid,all_qualifying,0.05
105,16,0.1523809523809524,105.0,25.25,0.24047619047619048,8.50095238095238,0.3424349228084982,-20.0,2019/20,Market logistic + sigmoid,all_qualifying,0.1
79,10,0.12658227848101267,79.0,18.0,0.22784810126582278,9.55379746835443,0.41412769929478366,-18.0,2019/20,Market logistic + sigmoid,all_qualifying,0.15
360,113,0.3138888888888889,360.0,-52.96000000000001,-0.14711111111111114,3.6604444444444444,0.1708977747811339,-61.15000000000002,2019/20,Team + Market,argmax,0.0
338,105,0.3106508875739645,338.0,-45.440000000000005,-0.13443786982248523,3.70887573964497,0.18135599917589562,-53.63,2019/20,Team + Market,argmax,0.02
284,84,0.29577464788732394,284.0,-35.88,-0.1263380281690141,3.859718309859155,0.20886709796106143,-44.629999999999995,2019/20,Team + Market,argmax,0.05
210,56,0.26666666666666666,210.0,-25.090000000000007,-0.11947619047619051,4.184,0.25647035075152136,-33.97,2019/20,Team + Market,argmax,0.1
148,37,0.25,148.0,-9.3,-0.06283783783783785,4.529256756756757,0.3117059804377698,-19.160000000000004,2019/20,Team + Market,argmax,0.15
420,133,0.31666666666666665,420.0,-55.11,-0.1312142857142857,3.768023809523809,0.1552626180571234,-65.30000000000003,2019/20,Team + Market,all_qualifying,0.0
376,117,0.31117021276595747,376.0,-49.11,-0.13061170212765957,3.7902127659574467,0.17225404482030482,-56.80000000000003,2019/20,Team + Market,all_qualifying,0.02
307,91,0.2964169381107492,307.0,-34.980000000000004,-0.11394136807817591,3.923452768729642,0.20251297036417473,-43.12999999999999,2019/20,Team + Market,all_qualifying,0.05
217,58,0.2672811059907834,217.0,-25.589999999999996,-0.11792626728110597,4.280829493087558,0.25617326814881913,-34.72,2019/20,Team + Market,all_qualifying,0.1
152,38,0.25,152.0,-10.049999999999999,-0.06611842105263158,4.6775,0.3124742468764865,-20.160000000000004,2019/20,Team + Market,all_qualifying,0.15
356,130,0.3651685393258427,356.0,-13.049999999999994,-0.0366573033707865,3.441910112359551,0.21761264268760716,-36.22,2019/20,Team + Market + Elo/Rest,argmax,0.0
339,120,0.35398230088495575,339.0,-11.829999999999998,-0.03489675516224188,3.5088790560471974,0.2281199302525777,-30.679999999999986,2019/20,Team + Market + Elo/Rest,argmax,0.02
301,106,0.3521594684385382,301.0,-3.059999999999995,-0.010166112956810615,3.6431893687707637,0.25221372226953864,-30.929999999999993,2019/20,Team + Market + Elo/Rest,argmax,0.05
239,77,0.32217573221757323,239.0,-0.14000000000000057,-0.0005857740585774083,3.8901673640167362,0.29849233659084756,-27.089999999999993,2019/20,Team + Market + Elo/Rest,argmax,0.1
184,57,0.30978260869565216,184.0,0.5800000000000018,0.0031521739130434883,4.123913043478261,0.3500534972040174,-24.959999999999994,2019/20,Team + Market + Elo/Rest,argmax,0.15
416,152,0.36538461538461536,416.0,-8.419999999999996,-0.020240384615384608,3.4984134615384614,0.19585335805842344,-39.30999999999999,2019/20,Team + Market + Elo/Rest,all_qualifying,0.0
384,137,0.3567708333333333,384.0,-11.399999999999999,-0.029687499999999995,3.5792187499999994,0.21148018681282713,-30.319999999999997,2019/20,Team + Market + Elo/Rest,all_qualifying,0.02
328,114,0.3475609756097561,328.0,-4.990000000000002,-0.015213414634146348,3.763810975609756,0.24128639263767265,-29.159999999999997,2019/20,Team + Market + Elo/Rest,all_qualifying,0.05
250,79,0.316,250.0,-4.589999999999998,-0.01835999999999999,4.0464,0.2935988617960477,-27.139999999999993,2019/20,Team + Market + Elo/Rest,all_qualifying,0.1
189,58,0.30687830687830686,189.0,-1.17,-0.00619047619047619,4.3087301587301585,0.3480227823224421,-25.960000000000004,2019/20,Team + Market + Elo/Rest,all_qualifying,0.15
360,105,0.2916666666666667,360.0,-12.299999999999999,-0.034166666666666665,4.502472222222222,0.29623016384584683,-36.84,2019/20,Team + Market + Elo/Rest + sigmoid,argmax,0.0
343,101,0.2944606413994169,343.0,-6.130000000000003,-0.017871720116618084,4.589504373177843,0.3104517178114299,-34.839999999999996,2019/20,Team + Market + Elo/Rest + sigmoid,argmax,0.02
319,91,0.2852664576802508,319.0,-4.190000000000001,-0.013134796238244519,4.737523510971787,0.3312874937639012,-33.28999999999999,2019/20,Team + Market + Elo/Rest + sigmoid,argmax,0.05
252,66,0.2619047619047619,252.0,3.5300000000000047,0.014007936507936527,5.143809523809524,0.39905668230037683,-31.319999999999993,2019/20,Team + Market + Elo/Rest + sigmoid,argmax,0.1
200,46,0.23,200.0,4.460000000000004,0.02230000000000002,5.568599999999999,0.47016188858973557,-24.099999999999994,2019/20,Team + Market + Elo/Rest + sigmoid,argmax,0.15
431,117,0.271461716937355,431.0,-7.429999999999998,-0.017238979118329462,5.096937354988398,0.2806175952375819,-29.910000000000007,2019/20,Team + Market + Elo/Rest + sigmoid,all_qualifying,0.0
399,110,0.2756892230576441,399.0,4.239999999999995,0.010626566416040088,5.234511278195488,0.3022748451730948,-25.18,2019/20,Team + Market + Elo/Rest + sigmoid,all_qualifying,0.02
363,99,0.2727272727272727,363.0,16.43,0.045261707988980715,5.426694214876033,0.32897724402702083,-22.68,2019/20,Team + Market + Elo/Rest + sigmoid,all_qualifying,0.05
287,73,0.25435540069686413,287.0,30.279999999999994,0.10550522648083621,5.940905923344948,0.3959160734572109,-20.9,2019/20,Team + Market + Elo/Rest + sigmoid,all_qualifying,0.1
228,52,0.22807017543859648,228.0,29.21,0.1281140350877193,6.401184210526315,0.46609404163189533,-16.0,2019/20,Team + Market + Elo/Rest + sigmoid,all_qualifying,0.15
363,88,0.24242424242424243,363.0,-96.84,-0.2667768595041322,4.118071625344353,0.23831704352118163,-98.15000000000003,2019/20,Team + Market + isotonic,argmax,0.0
341,82,0.2404692082111437,341.0,-87.1,-0.255425219941349,4.189970674486803,0.2530082406213347,-87.91000000000003,2019/20,Team + Market + isotonic,argmax,0.02
304,66,0.21710526315789475,304.0,-88.15,-0.2899671052631579,4.341546052631578,0.27935917816364897,-88.99000000000004,2019/20,Team + Market + isotonic,argmax,0.05
222,44,0.1981981981981982,222.0,-55.42,-0.24963963963963964,4.797567567567567,0.3550306074012272,-60.34000000000001,2019/20,Team + Market + isotonic,argmax,0.1
179,35,0.19553072625698323,179.0,-36.34,-0.20301675977653633,5.084078212290502,0.41024009948206974,-46.260000000000005,2019/20,Team + Market + isotonic,argmax,0.15
434,118,0.271889400921659,434.0,-70.50999999999999,-0.16246543778801842,4.2700000000000005,0.2136750432139518,-74.07000000000004,2019/20,Team + Market + isotonic,all_qualifying,0.0
393,102,0.2595419847328244,393.0,-66.54,-0.16931297709923665,4.3925954198473285,0.23503030080151252,-69.20000000000005,2019/20,Team + Market + isotonic,all_qualifying,0.02
333,77,0.23123123123123124,333.0,-76.19000000000001,-0.22879879879879883,4.568648648648649,0.2708746156648309,-76.0,2019/20,Team + Market + isotonic,all_qualifying,0.05
237,47,0.19831223628691982,237.0,-50.62,-0.21358649789029535,5.109957805907173,0.35052161792042014,-53.539999999999985,2019/20,Team + Market + isotonic,all_qualifying,0.1
191,37,0.193717277486911,191.0,-31.090000000000003,-0.16277486910994765,5.446335078534031,0.4049289335644818,-39.01,2019/20,Team + Market + isotonic,all_qualifying,0.15
357,93,0.2605042016806723,357.0,-19.849999999999998,-0.05560224089635854,4.593529411764705,0.2536985768479782,-40.43000000000001,2019/20,Team + Market + sigmoid,argmax,0.0
336,83,0.24702380952380953,336.0,-21.690000000000005,-0.06455357142857145,4.696071428571428,0.2688662658351622,-40.47,2019/20,Team + Market + sigmoid,argmax,0.02
298,69,0.23154362416107382,298.0,-12.150000000000002,-0.04077181208053692,4.937785234899329,0.2985675383936862,-33.49999999999999,2019/20,Team + Market + sigmoid,argmax,0.05
233,50,0.2145922746781116,233.0,-3.8000000000000007,-0.016309012875536485,5.395922746781116,0.3616312836415035,-26.149999999999995,2019/20,Team + Market + sigmoid,argmax,0.1
187,35,0.18716577540106952,187.0,2.780000000000001,0.014866310160427814,5.98283422459893,0.4201912333755951,-27.700000000000003,2019/20,Team + Market + sigmoid,argmax,0.15
430,106,0.24651162790697675,430.0,-16.509999999999998,-0.0383953488372093,5.14139534883721,0.24327956181134522,-37.09,2019/20,Team + Market + sigmoid,all_qualifying,0.0
398,94,0.23618090452261306,398.0,-14.15,-0.03555276381909548,5.308266331658291,0.26199899595883236,-33.62,2019/20,Team + Market + sigmoid,all_qualifying,0.02
340,76,0.2235294117647059,340.0,1.0999999999999943,0.003235294117647042,5.610323529411764,0.30073454821795503,-27.249999999999996,2019/20,Team + Market + sigmoid,all_qualifying,0.05
267,55,0.20599250936329588,267.0,4.950000000000003,0.01853932584269664,6.104494382022472,0.3629972694796955,-23.55,2019/20,Team + Market + sigmoid,all_qualifying,0.1
212,38,0.1792452830188679,212.0,-2.4700000000000024,-0.011650943396226427,6.7138679245283015,0.4253279214180181,-24.8,2019/20,Team + Market + sigmoid,all_qualifying,0.15
364,118,0.3241758241758242,364.0,-13.490000000000002,-0.03706043956043956,3.960769230769231,0.44458203025659326,-42.25,2020/21,HistGB + Elo/Rest,argmax,0.0
354,114,0.3220338983050847,354.0,-12.630000000000006,-0.035677966101694936,3.9929378531073447,0.456812538656962,-41.08,2020/21,HistGB + Elo/Rest,argmax,0.02
343,109,0.3177842565597668,343.0,-15.409999999999997,-0.044927113702623894,4.038134110787172,0.47031543201921444,-40.41,2020/21,HistGB + Elo/Rest,argmax,0.05
322,102,0.3167701863354037,322.0,-9.279999999999994,-0.028819875776397497,4.128229813664596,0.4956372462791122,-41.279999999999994,2020/21,HistGB + Elo/Rest,argmax,0.1
286,83,0.2902097902097902,286.0,-28.130000000000003,-0.09835664335664336,4.254055944055944,0.5419791429940856,-43.620000000000005,2020/21,HistGB + Elo/Rest,argmax,0.15
450,147,0.32666666666666666,450.0,-32.3,-0.07177777777777777,3.8574666666666664,0.3816866348061909,-45.239999999999995,2020/21,HistGB + Elo/Rest,all_qualifying,0.0
428,139,0.3247663551401869,428.0,-24.929999999999993,-0.05824766355140185,3.9250934579439254,0.4007922663140656,-45.16,2020/21,HistGB + Elo/Rest,all_qualifying,0.02
399,127,0.3182957393483709,399.0,-25.93999999999999,-0.06501253132832077,4.006867167919799,0.4274959962606201,-46.9,2020/21,HistGB + Elo/Rest,all_qualifying,0.05
356,111,0.31179775280898875,356.0,-16.879999999999995,-0.04741573033707864,4.1407584269662925,0.469662740565408,-45.629999999999995,2020/21,HistGB + Elo/Rest,all_qualifying,0.1
308,88,0.2857142857142857,308.0,-33.73,-0.109512987012987,4.286396103896104,0.5231876808449993,-47.89000000000001,2020/21,HistGB + Elo/Rest,all_qualifying,0.15
365,90,0.2465753424657534,365.0,2.8199999999999967,0.007726027397260265,4.93786301369863,0.4687608186120126,-33.14,2020/21,HistGB + Elo/Rest + sigmoid,argmax,0.0
352,85,0.24147727272727273,352.0,6.990000000000004,0.019857954545454557,5.027642045454545,0.4856839705829067,-31.64,2020/21,HistGB + Elo/Rest + sigmoid,argmax,0.02
330,78,0.23636363636363636,330.0,9.88,0.029939393939393943,5.149696969696969,0.5157823123934456,-28.03,2020/21,HistGB + Elo/Rest + sigmoid,argmax,0.05
292,64,0.2191780821917808,292.0,5.439999999999998,0.018630136986301362,5.418972602739727,0.5737063260706916,-31.1,2020/21,HistGB + Elo/Rest + sigmoid,argmax,0.1
253,56,0.22134387351778656,253.0,19.970000000000006,0.07893280632411069,5.750869565217392,0.6427848880937894,-19.17,2020/21,HistGB + Elo/Rest + sigmoid,argmax,0.15
447,112,0.2505592841163311,447.0,20.980000000000008,0.04693512304250561,4.9857494407158836,0.41625183271611665,-20.950000000000003,2020/21,HistGB + Elo/Rest + sigmoid,all_qualifying,0.0
422,102,0.24170616113744076,422.0,21.240000000000002,0.050331753554502374,5.117014218009479,0.4403817444469363,-17.699999999999992,2020/21,HistGB + Elo/Rest + sigmoid,all_qualifying,0.02
388,90,0.23195876288659795,388.0,21.159999999999997,0.054536082474226796,5.287319587628866,0.47588393057677947,-19.56,2020/21,HistGB + Elo/Rest + sigmoid,all_qualifying,0.05
335,71,0.21194029850746268,335.0,10.440000000000001,0.031164179104477614,5.558626865671641,0.5395958179580704,-24.979999999999997,2020/21,HistGB + Elo/Rest + sigmoid,all_qualifying,0.1
283,61,0.21554770318021202,283.0,28.969999999999995,0.10236749116607773,5.91279151943463,0.6157909013350843,-19.669999999999995,2020/21,HistGB + Elo/Rest + sigmoid,all_qualifying,0.15
55,9,0.16363636363636364,55.0,19.75,0.35909090909090907,7.646,0.029746663361845872,-8.0,2020/21,Market baseline,argmax,0.0
31,5,0.16129032258064516,31.0,14.25,0.4596774193548387,8.508064516129032,0.04635029152866135,-7.0,2020/21,Market baseline,argmax,0.02
10,2,0.2,10.0,11.0,1.1,9.1,0.07547746961317321,-4.0,2020/21,Market baseline,argmax,0.05
1,0,0.0,1.0,-1.0,-1.0,12.0,0.16971019866739523,0.0,2020/21,Market baseline,argmax,0.1
1,0,0.0,1.0,-1.0,-1.0,12.0,0.16971019866739523,0.0,2020/21,Market baseline,argmax,0.15
57,9,0.15789473684210525,57.0,17.75,0.31140350877192985,7.746140350877193,0.02911818070694301,-8.0,2020/21,Market baseline,all_qualifying,0.0
31,5,0.16129032258064516,31.0,14.25,0.4596774193548387,8.508064516129032,0.04635029152866135,-7.0,2020/21,Market baseline,all_qualifying,0.02
10,2,0.2,10.0,11.0,1.1,9.1,0.07547746961317321,-4.0,2020/21,Market baseline,all_qualifying,0.05
1,0,0.0,1.0,-1.0,-1.0,12.0,0.16971019866739523,0.0,2020/21,Market baseline,all_qualifying,0.1
1,0,0.0,1.0,-1.0,-1.0,12.0,0.16971019866739523,0.0,2020/21,Market baseline,all_qualifying,0.15
304,84,0.27631578947368424,304.0,26.350000000000005,0.08667763157894738,5.051118421052632,0.21547535131559856,-23.99,2020/21,Market logistic,argmax,0.0
265,67,0.2528301886792453,265.0,20.580000000000002,0.07766037735849057,5.327207547169811,0.2456578662123799,-29.54,2020/21,Market logistic,argmax,0.02
209,49,0.23444976076555024,209.0,11.559999999999997,0.05531100478468898,5.77133971291866,0.3023465334134329,-22.2,2020/21,Market logistic,argmax,0.05
143,25,0.17482517482517482,143.0,-7.370000000000003,-0.05153846153846156,6.685734265734266,0.4077205005892554,-30.55,2020/21,Market logistic,argmax,0.1
101,16,0.15841584158415842,101.0,-12.379999999999999,-0.12257425742574256,7.575445544554455,0.5267047217138746,-26.450000000000003,2020/21,Market logistic,argmax,0.15
326,88,0.26993865030674846,326.0,12.450000000000001,0.038190184049079756,4.953588957055215,0.2031360014150874,-26.549999999999997,2020/21,Market logistic,all_qualifying,0.0
276,68,0.2463768115942029,276.0,13.08,0.04739130434782609,5.287463768115941,0.2382783389377608,-33.54,2020/21,Market logistic,all_qualifying,0.02
213,49,0.2300469483568075,213.0,7.560000000000006,0.0354929577464789,5.747840375586854,0.2988931319078785,-23.15,2020/21,Market logistic,all_qualifying,0.05
145,25,0.1724137931034483,145.0,-9.370000000000001,-0.06462068965517243,6.647517241379311,0.4046125320812038,-32.55,2020/21,Market logistic,all_qualifying,0.1
103,16,0.1553398058252427,103.0,-14.380000000000003,-0.13961165048543692,7.504368932038836,0.520019053015654,-28.450000000000003,2020/21,Market logistic,all_qualifying,0.15
347,80,0.23054755043227665,347.0,6.370000000000001,0.01835734870317003,5.150374639769453,0.3645784766438582,-33.34,2020/21,Market logistic + isotonic,argmax,0.0
319,70,0.219435736677116,319.0,-5.400000000000002,-0.016927899686520382,5.234420062695925,0.3955689983999382,-33.589999999999996,2020/21,Market logistic + isotonic,argmax,0.02
285,61,0.21403508771929824,285.0,-0.6500000000000039,-0.0022807017543859786,5.463649122807017,0.43868957012957027,-36.339999999999996,2020/21,Market logistic + isotonic,argmax,0.05
225,43,0.19111111111111112,225.0,-15.249999999999996,-0.06777777777777776,5.889288888888888,0.5364698669058063,-36.81,2020/21,Market logistic + isotonic,argmax,0.1
177,30,0.1694915254237288,177.0,-9.999999999999996,-0.05649717514124292,6.458531073446327,0.6491862397647044,-31.650000000000002,2020/21,Market logistic + isotonic,argmax,0.15
399,102,0.2556390977443609,399.0,11.810000000000004,0.029598997493734347,4.90749373433584,0.3215071855881569,-32.55,2020/21,Market logistic + isotonic,all_qualifying,0.0
347,81,0.2334293948126801,347.0,-3.789999999999999,-0.010922190201729104,5.079769452449568,0.36807921058924,-32.15,2020/21,Market logistic + isotonic,all_qualifying,0.02
296,66,0.22297297297297297,296.0,1.5399999999999974,0.005202702702702694,5.393378378378379,0.4258198081118881,-37.9,2020/21,Market logistic + isotonic,all_qualifying,0.05
228,43,0.18859649122807018,228.0,-18.25,-0.0800438596491228,5.887456140350877,0.5315256772928671,-38.81,2020/21,Market logistic + isotonic,all_qualifying,0.1
178,30,0.16853932584269662,178.0,-10.999999999999998,-0.061797752808988755,6.478426966292134,0.6467854442111655,-32.650000000000006,2020/21,Market logistic + isotonic,all_qualifying,0.15
330,78,0.23636363636363636,330.0,34.42,0.10430303030303031,5.383787878787879,0.35506603921529123,-26.78,2020/21,Market logistic + sigmoid,argmax,0.0
298,68,0.22818791946308725,298.0,38.85,0.13036912751677854,5.63503355704698,0.39230531491773707,-26.529999999999998,2020/21,Market logistic + sigmoid,argmax,0.02
250,52,0.208,250.0,35.529999999999994,0.14211999999999997,6.067880000000001,0.46101769016376043,-24.4,2020/21,Market logistic + sigmoid,argmax,0.05
181,37,0.20441988950276244,181.0,48.94999999999999,0.27044198895027616,6.929226519337017,0.6087668783410634,-19.0,2020/21,Market logistic + sigmoid,argmax,0.1
143,32,0.22377622377622378,143.0,66.02,0.4616783216783216,7.688671328671329,0.7388310167754385,-17.9,2020/21,Market logistic + sigmoid,argmax,0.15
374,87,0.232620320855615,374.0,22.78,0.06090909090909091,5.285454545454545,0.31866029979625043,-29.78,2020/21,Market logistic + sigmoid,all_qualifying,0.0
324,74,0.22839506172839505,324.0,38.800000000000004,0.1197530864197531,5.596111111111111,0.366501075098663,-28.529999999999998,2020/21,Market logistic + sigmoid,all_qualifying,0.02
258,54,0.20930232558139536,258.0,38.03,0.1474031007751938,6.079341085271318,0.45148201435326424,-25.4,2020/21,Market logistic + sigmoid,all_qualifying,0.05
187,38,0.20320855614973263,187.0,49.45000000000001,0.26443850267379687,6.947540106951872,0.595222717863028,-21.4,2020/21,Market logistic + sigmoid,all_qualifying,0.1
147,32,0.21768707482993196,147.0,62.019999999999996,0.4219047619047619,7.717551020408163,0.7249187390526632,-19.9,2020/21,Market logistic + sigmoid,all_qualifying,0.15
354,106,0.2994350282485876,354.0,0.4099999999999966,0.0011581920903954706,4.55774011299435,0.23858465060114106,-49.44000000000001,2020/21,Team + Market,argmax,0.0
323,94,0.29102167182662536,323.0,2.240000000000009,0.0069349845201238675,4.685665634674923,0.2604109872121869,-52.120000000000005,2020/21,Team + Market,argmax,0.02
274,74,0.27007299270072993,274.0,-4.269999999999996,-0.015583941605839402,4.940182481751825,0.30088273525054593,-53.89,2020/21,Team + Market,argmax,0.05
200,49,0.245,200.0,1.8000000000000025,0.009000000000000013,5.636900000000001,0.3854148284574544,-35.25,2020/21,Team + Market,argmax,0.1
158,34,0.21518987341772153,158.0,-1.3999999999999968,-0.008860759493670866,6.199050632911392,0.45451712987980836,-32.35,2020/21,Team + Market,argmax,0.15
427,137,0.32084309133489464,427.0,17.899999999999995,0.04192037470725994,4.350444964871195,0.2047243129791475,-36.400000000000006,2020/21,Team + Market,all_qualifying,0.0
365,116,0.3178082191780822,365.0,33.400000000000006,0.09150684931506851,4.538054794520548,0.23772784402766173,-34.0,2020/21,Team + Market,all_qualifying,0.02
291,81,0.27835051546391754,291.0,8.630000000000003,0.02965635738831616,4.863986254295533,0.2893356312696398,-48.39000000000001,2020/21,Team + Market,all_qualifying,0.05
207,52,0.25120772946859904,207.0,8.700000000000003,0.04202898550724639,5.587584541062802,0.37760288578982937,-31.75,2020/21,Team + Market,all_qualifying,0.1
161,36,0.2236024844720497,161.0,6.100000000000003,0.037888198757763995,6.1720496894409935,0.4495678734092181,-26.85,2020/21,Team + Market,all_qualifying,0.15
357,116,0.32492997198879553,357.0,10.2,0.02857142857142857,4.28218487394958,0.2756208313314417,-28.32,2020/21,Team + Market + Elo/Rest,argmax,0.0
337,107,0.31750741839762614,337.0,12.979999999999993,0.038516320474777425,4.370682492581602,0.2913176197884993,-27.440000000000005,2020/21,Team + Market + Elo/Rest,argmax,0.02
295,88,0.2983050847457627,295.0,5.430000000000007,0.018406779661016972,4.573796610169492,0.32758253221891603,-24.790000000000003,2020/21,Team + Market + Elo/Rest,argmax,0.05
234,64,0.27350427350427353,234.0,-0.6400000000000059,-0.00273504273504276,4.933504273504274,0.39387575756892657,-20.27,2020/21,Team + Market + Elo/Rest,argmax,0.1
179,42,0.2346368715083799,179.0,-3.219999999999999,-0.017988826815642452,5.531340782122904,0.4775069300572883,-25.83,2020/21,Team + Market + Elo/Rest,argmax,0.15
447,142,0.31767337807606266,447.0,-1.0300000000000038,-0.002304250559284125,4.101051454138703,0.23229129224314415,-26.939999999999998,2020/21,Team + Market + Elo/Rest,all_qualifying,0.0
395,122,0.30886075949367087,395.0,8.530000000000001,0.021594936708860764,4.264278481012658,0.26156449117359926,-24.54,2020/21,Team + Market + Elo/Rest,all_qualifying,0.02
335,99,0.2955223880597015,335.0,8.33,0.024865671641791046,4.485134328358209,0.30208293873445485,-19.45,2020/21,Team + Market + Elo/Rest,all_qualifying,0.05
251,69,0.2749003984063745,251.0,0.960000000000008,0.0038247011952191553,4.868685258964144,0.3782393050199558,-22.259999999999998,2020/21,Team + Market + Elo/Rest,all_qualifying,0.1
186,45,0.24193548387096775,186.0,2.0799999999999947,0.011182795698924703,5.484731182795699,0.4677530855498109,-21.53,2020/21,Team + Market + Elo/Rest,all_qualifying,0.15
344,90,0.2616279069767442,344.0,32.11,0.09334302325581395,5.072412790697674,0.41613634326223636,-26.450000000000003,2020/21,Team + Market + Elo/Rest + sigmoid,argmax,0.0
326,86,0.26380368098159507,326.0,39.32,0.12061349693251534,5.177361963190184,0.4384540884797001,-26.450000000000003,2020/21,Team + Market + Elo/Rest + sigmoid,argmax,0.02
287,70,0.24390243902439024,287.0,35.64999999999999,0.12421602787456443,5.4785365853658545,0.4937223935175695,-25.93,2020/21,Team + Market + Elo/Rest + sigmoid,argmax,0.05
225,53,0.23555555555555555,225.0,48.00000000000001,0.21333333333333337,6.0338666666666665,0.6092406658663875,-19.619999999999997,2020/21,Team + Market + Elo/Rest + sigmoid,argmax,0.1
191,42,0.2198952879581152,191.0,38.92,0.2037696335078534,6.474816753926702,0.694676128910289,-25.549999999999997,2020/21,Team + Market + Elo/Rest + sigmoid,argmax,0.15
418,109,0.2607655502392344,418.0,58.43000000000001,0.13978468899521532,5.182296650717703,0.36415391131366,-16.0,2020/21,Team + Market + Elo/Rest + sigmoid,all_qualifying,0.0
383,96,0.2506527415143603,383.0,42.77,0.11167101827676242,5.304934725848564,0.3964576600205634,-19.449999999999996,2020/21,Team + Market + Elo/Rest + sigmoid,all_qualifying,0.02
333,78,0.23423423423423423,333.0,41.150000000000006,0.1235735735735736,5.61036036036036,0.45120447298935057,-20.88,2020/21,Team + Market + Elo/Rest + sigmoid,all_qualifying,0.05
256,56,0.21875,256.0,44.0,0.171875,6.172968750000001,0.5643278605934092,-24.619999999999997,2020/21,Team + Market + Elo/Rest + sigmoid,all_qualifying,0.1
210,44,0.20952380952380953,210.0,35.92,0.17104761904761906,6.587,0.6596209008472355,-30.549999999999997,2020/21,Team + Market + Elo/Rest + sigmoid,all_qualifying,0.15
346,93,0.26878612716763006,346.0,31.480000000000004,0.09098265895953758,5.078670520231214,0.39240549070298075,-39.699999999999996,2020/21,Team + Market + isotonic,argmax,0.0
333,88,0.26426426426426425,333.0,28.18,0.08462462462462463,5.151771771771772,0.4073245702955622,-38.699999999999996,2020/21,Team + Market + isotonic,argmax,0.02
287,77,0.2682926829268293,287.0,39.370000000000005,0.13717770034843207,5.449303135888502,0.4671842083810841,-33.56999999999999,2020/21,Team + Market + isotonic,argmax,0.05
231,52,0.22510822510822512,231.0,25.150000000000006,0.1088744588744589,5.962900432900432,0.562310769644067,-29.77,2020/21,Team + Market + isotonic,argmax,0.1
188,38,0.20212765957446807,188.0,24.100000000000005,0.12819148936170216,6.473085106382979,0.662602396911638,-27.7,2020/21,Team + Market + isotonic,argmax,0.15
408,113,0.2769607843137255,408.0,44.39,0.10879901960784313,4.941495098039216,0.3433642164535702,-25.75999999999999,2020/21,Team + Market + isotonic,all_qualifying,0.0
382,107,0.2801047120418848,382.0,50.69,0.13269633507853404,5.01609947643979,0.36610656672099645,-23.55,2020/21,Team + Market + isotonic,all_qualifying,0.02
314,87,0.2770700636942675,314.0,59.22,0.18859872611464967,5.406305732484077,0.43800579412193913,-20.46999999999999,2020/21,Team + Market + isotonic,all_qualifying,0.05
245,57,0.23265306122448978,245.0,36.349999999999994,0.14836734693877549,5.954938775510204,0.5404726794238613,-30.019999999999996,2020/21,Team + Market + isotonic,all_qualifying,0.1
196,41,0.20918367346938777,196.0,31.1,0.15867346938775512,6.474591836734694,0.6447714527646806,-28.7,2020/21,Team + Market + isotonic,all_qualifying,0.15
345,92,0.26666666666666666,345.0,48.35000000000001,0.14014492753623192,5.182782608695652,0.3908519378375097,-23.049999999999994,2020/21,Team + Market + sigmoid,argmax,0.0
311,81,0.2604501607717042,311.0,47.53,0.15282958199356914,5.39508038585209,0.4325732026535792,-22.599999999999998,2020/21,Team + Market + sigmoid,argmax,0.02
267,69,0.25842696629213485,267.0,54.59,0.20445692883895134,5.752808988764045,0.497780672579038,-21.68,2020/21,Team + Market + sigmoid,argmax,0.05
204,46,0.22549019607843138,204.0,45.730000000000004,0.22416666666666668,6.487107843137254,0.6292520956223664,-22.05,2020/21,Team + Market + sigmoid,argmax,0.1
170,34,0.2,170.0,40.15,0.2361764705882353,7.055529411764706,0.7303259085396409,-25.020000000000003,2020/21,Team + Market + sigmoid,argmax,0.15
420,110,0.2619047619047619,420.0,55.550000000000004,0.13226190476190477,5.150952380952381,0.33702527305617863,-17.849999999999998,2020/21,Team + Market + sigmoid,all_qualifying,0.0
365,93,0.2547945205479452,365.0,56.230000000000004,0.15405479452054796,5.392191780821918,0.38642305202398247,-19.68,2020/21,Team + Market + sigmoid,all_qualifying,0.02
302,76,0.25165562913907286,302.0,62.39,0.20658940397350994,5.804072847682119,0.45964578937598644,-20.68,2020/21,Team + Market + sigmoid,all_qualifying,0.05
224,49,0.21875,224.0,46.730000000000004,0.20861607142857144,6.490848214285714,0.5941889478834005,-24.05,2020/21,Team + Market + sigmoid,all_qualifying,0.1
184,36,0.1956521739130435,184.0,38.65,0.21005434782608695,7.039076086956522,0.6965969365903075,-28.020000000000003,2020/21,Team + Market + sigmoid,all_qualifying,0.15
371,118,0.31805929919137466,371.0,-25.96,-0.06997304582210243,4.360377358490566,0.4808197637260424,-37.61,2021/22,HistGB + Elo/Rest,argmax,0.0
368,117,0.3179347826086957,368.0,-25.21,-0.0685054347826087,4.371059782608696,0.4846720987694787,-36.85999999999999,2021/22,HistGB + Elo/Rest,argmax,0.02
350,107,0.3057142857142857,350.0,-23.56,-0.06731428571428572,4.482714285714285,0.5077724207719153,-31.809999999999988,2021/22,HistGB + Elo/Rest,argmax,0.05
309,88,0.284789644012945,309.0,-18.24,-0.05902912621359223,4.672653721682847,0.564990714681004,-31.769999999999996,2021/22,HistGB + Elo/Rest,argmax,0.1
274,74,0.27007299270072993,274.0,-21.229999999999997,-0.07748175182481751,4.862992700729927,0.6208068569589981,-29.34,2021/22,HistGB + Elo/Rest,argmax,0.15
478,155,0.32426778242677823,478.0,-25.37,-0.05307531380753138,4.2689748953974895,0.4004014276912372,-55.36999999999999,2021/22,HistGB + Elo/Rest,all_qualifying,0.0
459,148,0.3224400871459695,459.0,-22.53,-0.04908496732026144,4.315664488017429,0.4166035250956984,-52.32999999999999,2021/22,HistGB + Elo/Rest,all_qualifying,0.02
420,131,0.3119047619047619,420.0,-17.300000000000004,-0.0411904761904762,4.450523809523809,0.45211980398128887,-39.16,2021/22,HistGB + Elo/Rest,all_qualifying,0.05
354,100,0.2824858757062147,354.0,-17.29,-0.04884180790960452,4.68819209039548,0.5225174878860344,-35.349999999999994,2021/22,HistGB + Elo/Rest,all_qualifying,0.1
302,82,0.271523178807947,302.0,-14.230000000000008,-0.04711920529801327,4.940860927152317,0.5907940819272721,-31.740000000000002,2021/22,HistGB + Elo/Rest,all_qualifying,0.15
359,83,0.23119777158774374,359.0,-30.13,-0.0839275766016713,5.777353760445681,0.5469033915586221,-58.199999999999996,2021/22,HistGB + Elo/Rest + sigmoid,argmax,0.0
346,77,0.22254335260115607,346.0,-34.85,-0.10072254335260115,5.879075144508671,0.5670614276503401,-56.64999999999999,2021/22,HistGB + Elo/Rest + sigmoid,argmax,0.02
319,62,0.19435736677115986,319.0,-45.65,-0.14310344827586208,6.155548589341692,0.6118412212166813,-54.09999999999998,2021/22,HistGB + Elo/Rest + sigmoid,argmax,0.05
280,50,0.17857142857142858,280.0,-46.47,-0.1659642857142857,6.582071428571429,0.6865639618366183,-48.79999999999998,2021/22,HistGB + Elo/Rest + sigmoid,argmax,0.1
243,46,0.18930041152263374,243.0,-19.419999999999995,-0.079917695473251,7.077407407407407,0.7728097350617269,-37.800000000000004,2021/22,HistGB + Elo/Rest + sigmoid,argmax,0.15
455,101,0.22197802197802197,455.0,-44.36,-0.09749450549450549,5.761956043956044,0.4809202689438211,-63.499999999999986,2021/22,HistGB + Elo/Rest + sigmoid,all_qualifying,0.0
426,90,0.2112676056338028,426.0,-47.25,-0.11091549295774648,5.928615023474179,0.5129783471525798,-60.42,2021/22,HistGB + Elo/Rest + sigmoid,all_qualifying,0.02
388,72,0.18556701030927836,388.0,-58.699999999999996,-0.15128865979381442,6.21319587628866,0.559445955775394,-66.57000000000001,2021/22,HistGB + Elo/Rest + sigmoid,all_qualifying,0.05
339,58,0.1710914454277286,339.0,-56.47,-0.16657817109144543,6.621474926253687,0.6297457159693743,-59.53999999999999,2021/22,HistGB + Elo/Rest + sigmoid,all_qualifying,0.1
288,51,0.17708333333333334,288.0,-30.92,-0.10736111111111112,7.110451388888889,0.7200669145334017,-47.3,2021/22,HistGB + Elo/Rest + sigmoid,all_qualifying,0.15
48,9,0.1875,48.0,5.43,0.11312499999999999,7.579375,0.019596358962045802,-11.0,2021/22,Market baseline,argmax,0.0
16,3,0.1875,16.0,5.75,0.359375,10.421875,0.045394503703183584,-7.0,2021/22,Market baseline,argmax,0.02
3,1,0.3333333333333333,3.0,6.5,2.1666666666666665,14.5,0.09035508892388162,-2.0,2021/22,Market baseline,argmax,0.05
1,0,0.0,1.0,-1.0,-1.0,19.0,0.1427377130305436,0.0,2021/22,Market baseline,argmax,0.1
0,0,0.0,0.0,0.0,0.0,,,0.0,2021/22,Market baseline,argmax,0.15
53,10,0.18867924528301888,53.0,4.630000000000001,0.08735849056603776,7.443584905660377,0.0191097066897009,-13.5,2021/22,Market baseline,all_qualifying,0.0
18,4,0.2222222222222222,18.0,7.949999999999999,0.44166666666666665,9.761111111111111,0.04299087368794609,-6.0,2021/22,Market baseline,all_qualifying,0.02
3,1,0.3333333333333333,3.0,6.5,2.1666666666666665,14.5,0.09035508892388162,-2.0,2021/22,Market baseline,all_qualifying,0.05
1,0,0.0,1.0,-1.0,-1.0,19.0,0.1427377130305436,0.0,2021/22,Market baseline,all_qualifying,0.1
0,0,0.0,0.0,0.0,0.0,,,0.0,2021/22,Market baseline,all_qualifying,0.15
326,94,0.2883435582822086,326.0,-23.800000000000004,-0.07300613496932516,5.0374539877300615,0.2298809314257956,-43.53,2021/22,Market logistic,argmax,0.0
291,80,0.27491408934707906,291.0,-26.069999999999997,-0.08958762886597937,5.168831615120276,0.25634477439242576,-40.730000000000004,2021/22,Market logistic,argmax,0.02
257,68,0.26459143968871596,257.0,-18.1,-0.07042801556420233,5.358015564202335,0.2857030347281941,-40.5,2021/22,Market logistic,argmax,0.05
203,47,0.2315270935960591,203.0,-15.77,-0.0776847290640394,5.969310344827586,0.34252784220838706,-29.940000000000005,2021/22,Market logistic,argmax,0.1
147,36,0.24489795918367346,147.0,11.509999999999998,0.07829931972789114,6.481972789115647,0.42476952816010716,-17.2,2021/22,Market logistic,argmax,0.15
379,116,0.30606860158311344,379.0,-7.06999999999999,-0.01865435356200525,4.880976253298153,0.20496017793080754,-35.31,2021/22,Market logistic,all_qualifying,0.0
323,92,0.2848297213622291,323.0,-3.7899999999999956,-0.011733746130030946,5.133622291021672,0.23887649954648893,-29.32,2021/22,Market logistic,all_qualifying,0.02
274,75,0.2737226277372263,274.0,2.559999999999998,0.009343065693430649,5.357554744525547,0.2752761284154389,-28.669999999999998,2021/22,Market logistic,all_qualifying,0.05
209,48,0.22966507177033493,209.0,-12.269999999999998,-0.058708133971291855,6.00287081339713,0.3389356870728649,-32.94,2021/22,Market logistic,all_qualifying,0.1
150,37,0.24666666666666667,150.0,18.009999999999998,0.12006666666666665,6.5023333333333335,0.42262178263997074,-17.2,2021/22,Market logistic,all_qualifying,0.15
333,89,0.2672672672672673,333.0,-27.39,-0.08225225225225226,5.047447447447447,0.3473177642896914,-44.67,2021/22,Market logistic + isotonic,argmax,0.0
314,85,0.27070063694267515,314.0,-20.84,-0.06636942675159235,5.1584394904458595,0.3676322500791085,-40.96,2021/22,Market logistic + isotonic,argmax,0.02
285,71,0.24912280701754386,285.0,-32.94,-0.11557894736842104,5.347964912280702,0.40178160622294296,-46.11,2021/22,Market logistic + isotonic,argmax,0.05
244,55,0.22540983606557377,244.0,-32.6,-0.13360655737704918,5.619959016393443,0.45650460820105565,-46.19000000000001,2021/22,Market logistic + isotonic,argmax,0.1
204,42,0.20588235294117646,204.0,-25.99,-0.1274019607843137,6.065686274509805,0.5219895780934699,-38.49000000000001,2021/22,Market logistic + isotonic,argmax,0.15
403,121,0.3002481389578164,403.0,-12.759999999999998,-0.031662531017369724,4.759950372208437,0.2948303972263022,-36.370000000000005,2021/22,Market logistic + isotonic,all_qualifying,0.0
356,103,0.2893258426966292,356.0,-3.8000000000000007,-0.010674157303370789,5.013455056179775,0.3323067297367625,-32.75,2021/22,Market logistic + isotonic,all_qualifying,0.02
308,82,0.2662337662337662,308.0,-9.059999999999995,-0.0294155844155844,5.292305194805196,0.37903952254871653,-31.29,2021/22,Market logistic + isotonic,all_qualifying,0.05
252,59,0.23412698412698413,252.0,-18.25,-0.07242063492063493,5.59484126984127,0.4463629320458831,-40.339999999999996,2021/22,Market logistic + isotonic,all_qualifying,0.1
205,43,0.2097560975609756,205.0,-17.49000000000001,-0.08531707317073176,6.082439024390244,0.5205786305891853,-38.49,2021/22,Market logistic + isotonic,all_qualifying,0.15
338,79,0.23372781065088757,338.0,-37.15,-0.10991124260355029,5.712928994082841,0.3394426371325143,-50.34,2021/22,Market logistic + sigmoid,argmax,0.0
321,75,0.2336448598130841,321.0,-35.099999999999994,-0.10934579439252334,5.84202492211838,0.35689670406985485,-47.84000000000001,2021/22,Market logistic + sigmoid,argmax,0.02
292,61,0.2089041095890411,292.0,-49.95,-0.17106164383561645,6.106986301369863,0.38893380296261315,-53.19,2021/22,Market logistic + sigmoid,argmax,0.05
230,44,0.19130434782608696,230.0,-32.35,-0.1406521739130435,6.844782608695652,0.47302364204802627,-35.97000000000001,2021/22,Market logistic + sigmoid,argmax,0.1
198,36,0.18181818181818182,198.0,-27.419999999999998,-0.1384848484848485,7.324949494949495,0.5286908192864928,-33.8,2021/22,Market logistic + sigmoid,argmax,0.15
407,95,0.2334152334152334,407.0,-36.25000000000001,-0.08906633906633908,5.714963144963145,0.30229465564264907,-49.94,2021/22,Market logistic + sigmoid,all_qualifying,0.0
377,87,0.23076923076923078,377.0,-30.750000000000007,-0.08156498673740055,5.9161273209549075,0.32562698801106077,-49.239999999999995,2021/22,Market logistic + sigmoid,all_qualifying,0.02
335,71,0.21194029850746268,335.0,-38.55,-0.11507462686567163,6.249164179104478,0.3622739481019757,-49.540000000000006,2021/22,Market logistic + sigmoid,all_qualifying,0.05
256,50,0.1953125,256.0,-13.349999999999998,-0.05214843749999999,7.026562500000001,0.45124876175390516,-28.799999999999997,2021/22,Market logistic + sigmoid,all_qualifying,0.1
218,40,0.1834862385321101,218.0,-14.920000000000002,-0.06844036697247707,7.508440366972477,0.5074231648595303,-31.25,2021/22,Market logistic + sigmoid,all_qualifying,0.15
351,109,0.31054131054131057,351.0,-33.64,-0.09584045584045585,4.5176923076923075,0.26178765703057105,-52.19,2021/22,Team + Market,argmax,0.0
336,100,0.2976190476190476,336.0,-37.07,-0.11032738095238095,4.603809523809524,0.2729261743602265,-52.05000000000001,2021/22,Team + Market,argmax,0.02
296,82,0.27702702702702703,296.0,-53.05,-0.17922297297297296,4.767972972972973,0.3051749005679644,-57.19000000000001,2021/22,Team + Market,argmax,0.05
241,60,0.24896265560165975,241.0,-47.3,-0.1962655601659751,5.1663070539419085,0.35820440563242245,-48.25000000000002,2021/22,Team + Market,argmax,0.1
196,42,0.21428571428571427,196.0,-46.95,-0.23954081632653063,5.5697959183673476,0.41307151100274664,-53.03,2021/22,Team + Market,argmax,0.15
413,136,0.32929782082324455,413.0,-7.460000000000002,-0.01806295399515739,4.436707021791768,0.23261459841900034,-37.56,2021/22,Team + Market,all_qualifying,0.0
378,116,0.30687830687830686,378.0,-21.049999999999997,-0.05568783068783068,4.5646031746031746,0.25314468871996104,-43.2,2021/22,Team + Market,all_qualifying,0.02
320,89,0.278125,320.0,-41.870000000000005,-0.13084375,4.8005625,0.29292664797931706,-50.67000000000001,2021/22,Team + Market,all_qualifying,0.05
255,64,0.25098039215686274,255.0,-34.05,-0.13352941176470587,5.2059999999999995,0.34904011592637546,-46.13,2021/22,Team + Market,all_qualifying,0.1
203,44,0.21674876847290642,203.0,-38.45,-0.1894088669950739,5.5989162561576356,0.40788675850567246,-52.03,2021/22,Team + Market,all_qualifying,0.15
358,116,0.3240223463687151,358.0,-49.120000000000005,-0.13720670391061454,4.2932402234636875,0.2753094678801849,-59.21000000000002,2021/22,Team + Market + Elo/Rest,argmax,0.0
344,108,0.313953488372093,344.0,-47.84,-0.13906976744186048,4.373546511627907,0.28610687048845035,-56.21000000000002,2021/22,Team + Market + Elo/Rest,argmax,0.02
304,91,0.2993421052631579,304.0,-44.62,-0.14677631578947367,4.53703947368421,0.3191766441293117,-46.76000000000003,2021/22,Team + Market + Elo/Rest,argmax,0.05
252,68,0.2698412698412698,252.0,-42.86,-0.17007936507936508,4.865674603174604,0.3692207827211927,-46.56000000000003,2021/22,Team + Market + Elo/Rest,argmax,0.1
195,41,0.21025641025641026,195.0,-47.98,-0.24605128205128204,5.42374358974359,0.4408517839891413,-47.3,2021/22,Team + Market + Elo/Rest,argmax,0.15
425,139,0.3270588235294118,425.0,-43.82999999999999,-0.10312941176470586,4.242847058823529,0.24488173783354117,-57.45000000000002,2021/22,Team + Market + Elo/Rest,all_qualifying,0.0
392,125,0.31887755102040816,392.0,-37.21,-0.0949234693877551,4.369081632653061,0.2647247372551458,-49.300000000000026,2021/22,Team + Market + Elo/Rest,all_qualifying,0.02
334,98,0.2934131736526946,334.0,-46.03999999999999,-0.13784431137724548,4.570089820359281,0.3046510335856724,-51.68000000000003,2021/22,Team + Market + Elo/Rest,all_qualifying,0.05
269,70,0.26022304832713755,269.0,-44.36,-0.16490706319702603,4.912081784386617,0.35997328344921803,-52.43000000000003,2021/22,Team + Market + Elo/Rest,all_qualifying,0.1
206,43,0.2087378640776699,206.0,-43.480000000000004,-0.21106796116504856,5.462281553398058,0.4324355093773463,-48.13000000000001,2021/22,Team + Market + Elo/Rest,all_qualifying,0.15
362,83,0.2292817679558011,362.0,-39.64,-0.10950276243093923,5.733287292817679,0.4292921377513837,-45.34,2021/22,Team + Market + Elo/Rest + sigmoid,argmax,0.0
346,76,0.21965317919075145,346.0,-43.239999999999995,-0.12497109826589593,5.857803468208092,0.4486763842847616,-44.09,2021/22,Team + Market + Elo/Rest + sigmoid,argmax,0.02
321,70,0.21806853582554517,321.0,-31.260000000000005,-0.09738317757009347,6.082367601246106,0.480975975614849,-37.46000000000001,2021/22,Team + Market + Elo/Rest + sigmoid,argmax,0.05
276,52,0.18840579710144928,276.0,-42.55,-0.15416666666666665,6.5408333333333335,0.5475888482425558,-46.5,2021/22,Team + Market + Elo/Rest + sigmoid,argmax,0.1
235,43,0.1829787234042553,235.0,-29.0,-0.12340425531914893,7.052042553191489,0.6217634767698365,-30.099999999999998,2021/22,Team + Market + Elo/Rest + sigmoid,argmax,0.15
459,106,0.23093681917211328,459.0,-39.489999999999995,-0.08603485838779955,5.737080610021786,0.3778986948790748,-47.43,2021/22,Team + Market + Elo/Rest + sigmoid,all_qualifying,0.0
427,93,0.21779859484777517,427.0,-46.290000000000006,-0.10840749414519908,5.921639344262295,0.40554533734880405,-46.739999999999995,2021/22,Team + Market + Elo/Rest + sigmoid,all_qualifying,0.02
389,80,0.20565552699228792,389.0,-44.059999999999995,-0.11326478149100255,6.163624678663238,0.44180949392027313,-47.480000000000004,2021/22,Team + Market + Elo/Rest + sigmoid,all_qualifying,0.05
333,59,0.17717717717717718,333.0,-55.599999999999994,-0.16696696696696695,6.595795795795796,0.5039366760509236,-57.95,2021/22,Team + Market + Elo/Rest + sigmoid,all_qualifying,0.1
276,49,0.17753623188405798,276.0,-32.550000000000004,-0.11793478260869567,7.092246376811595,0.5826948192295347,-43.650000000000006,2021/22,Team + Market + Elo/Rest + sigmoid,all_qualifying,0.15
350,93,0.26571428571428574,350.0,-33.47,-0.09562857142857142,5.135428571428571,0.36380691402236914,-37.640000000000015,2021/22,Team + Market + isotonic,argmax,0.0
335,84,0.2507462686567164,335.0,-42.47,-0.12677611940298508,5.231641791044776,0.379627669171305,-48.19000000000001,2021/22,Team + Market + isotonic,argmax,0.02
302,69,0.22847682119205298,302.0,-42.33,-0.14016556291390728,5.465099337748344,0.4174078016510097,-50.20000000000002,2021/22,Team + Market + isotonic,argmax,0.05
258,56,0.21705426356589147,258.0,-28.999999999999996,-0.11240310077519379,5.74515503875969,0.47514528083651475,-39.92000000000001,2021/22,Team + Market + isotonic,argmax,0.1
218,45,0.20642201834862386,218.0,-22.949999999999996,-0.10527522935779815,6.171422018348624,0.5399555910262739,-36.6,2021/22,Team + Market + isotonic,argmax,0.15
424,115,0.27122641509433965,424.0,-29.92,-0.07056603773584906,4.96441037735849,0.3149393237617979,-46.69000000000001,2021/22,Team + Market + isotonic,all_qualifying,0.0
392,100,0.25510204081632654,392.0,-38.27,-0.09762755102040817,5.123316326530612,0.33978335618304023,-54.59,2021/22,Team + Market + isotonic,all_qualifying,0.02
335,76,0.22686567164179106,335.0,-46.78,-0.13964179104477611,5.432507462686567,0.39187561370853313,-56.15000000000002,2021/22,Team + Market + isotonic,all_qualifying,0.05
277,58,0.20938628158844766,277.0,-33.5,-0.12093862815884476,5.759314079422383,0.45775777235948006,-47.420000000000016,2021/22,Team + Market + isotonic,all_qualifying,0.1
229,46,0.20087336244541484,229.0,-24.45,-0.10676855895196506,6.186244541484717,0.5281403688516755,-42.6,2021/22,Team + Market + isotonic,all_qualifying,0.15
355,85,0.23943661971830985,355.0,-27.14,-0.07645070422535212,5.682816901408451,0.3883896185809657,-31.789999999999996,2021/22,Team + Market + sigmoid,argmax,0.0
337,77,0.228486646884273,337.0,-37.989999999999995,-0.11272997032640948,5.815519287833828,0.40853726312570143,-44.89,2021/22,Team + Market + sigmoid,argmax,0.02
311,67,0.21543408360128619,311.0,-35.230000000000004,-0.11327974276527332,6.061607717041801,0.43974426009905987,-45.699999999999996,2021/22,Team + Market + sigmoid,argmax,0.05
259,52,0.20077220077220076,259.0,-33.08,-0.1277220077220077,6.572702702702703,0.5126087107726855,-34.449999999999996,2021/22,Team + Market + sigmoid,argmax,0.1
224,38,0.16964285714285715,224.0,-41.370000000000005,-0.18468750000000003,7.034151785714285,0.573114805359398,-44.82000000000001,2021/22,Team + Market + sigmoid,argmax,0.15
440,102,0.2318181818181818,440.0,-36.14000000000001,-0.08213636363636366,5.720363636363636,0.34696068463887014,-42.58,2021/22,Team + Market + sigmoid,all_qualifying,0.0
412,91,0.220873786407767,412.0,-46.64,-0.11320388349514564,5.891674757281553,0.3699016414323684,-54.78,2021/22,Team + Market + sigmoid,all_qualifying,0.02
369,79,0.2140921409214092,369.0,-32.23,-0.08734417344173441,6.200379403794039,0.4090532793111235,-51.949999999999996,2021/22,Team + Market + sigmoid,all_qualifying,0.05
305,58,0.1901639344262295,305.0,-39.330000000000005,-0.12895081967213118,6.711016393442623,0.478786941657905,-50.15,2021/22,Team + Market + sigmoid,all_qualifying,0.1
258,43,0.16666666666666666,258.0,-42.120000000000005,-0.1632558139534884,7.152829457364342,0.5429775188622963,-57.57000000000001,2021/22,Team + Market + sigmoid,all_qualifying,0.15
369,124,0.33604336043360433,369.0,-32.67,-0.08853658536585367,3.8386720867208672,0.32730473430114854,-52.469999999999985,2022/23,HistGB + Elo/Rest,argmax,0.0
365,123,0.336986301369863,365.0,-30.069999999999993,-0.0823835616438356,3.844849315068493,0.3308284963732765,-49.869999999999976,2022/23,HistGB + Elo/Rest,argmax,0.02
343,113,0.3294460641399417,343.0,-24.650000000000006,-0.07186588921282801,3.9395043731778427,0.34962572590828156,-46.42,2022/23,HistGB + Elo/Rest,argmax,0.05
292,92,0.3150684931506849,292.0,-23.36,-0.08,4.151986301369863,0.39755779017228277,-42.39999999999999,2022/23,HistGB + Elo/Rest,argmax,0.1
242,68,0.2809917355371901,242.0,-25.959999999999997,-0.10727272727272726,4.434752066115703,0.4547216088698426,-41.68,2022/23,HistGB + Elo/Rest,argmax,0.15
462,159,0.34415584415584416,462.0,-29.360000000000007,-0.06354978354978356,3.7250865800865802,0.2803529264849105,-43.870000000000005,2022/23,HistGB + Elo/Rest,all_qualifying,0.0
443,152,0.3431151241534989,443.0,-27.610000000000003,-0.062325056433408584,3.756546275395034,0.292004397880495,-43.650000000000006,2022/23,HistGB + Elo/Rest,all_qualifying,0.02
399,132,0.3308270676691729,399.0,-27.1,-0.06791979949874687,3.8873684210526314,0.3203473293528508,-45.080000000000005,2022/23,HistGB + Elo/Rest,all_qualifying,0.05
319,99,0.3103448275862069,319.0,-23.73,-0.07438871473354232,4.1563009404388715,0.38193519943175164,-40.52,2022/23,HistGB + Elo/Rest,all_qualifying,0.1
257,71,0.27626459143968873,257.0,-31.909999999999997,-0.1241634241245136,4.429610894941635,0.4451928448413705,-46.629999999999995,2022/23,HistGB + Elo/Rest,all_qualifying,0.15
364,87,0.23901098901098902,364.0,-29.03,-0.07975274725274725,5.059478021978022,0.36153824357947856,-36.989999999999995,2022/23,HistGB + Elo/Rest + sigmoid,argmax,0.0
345,82,0.23768115942028986,345.0,-25.53,-0.07400000000000001,5.167333333333334,0.3808657324687484,-35.790000000000006,2022/23,HistGB + Elo/Rest + sigmoid,argmax,0.02
305,67,0.21967213114754097,305.0,-31.660000000000004,-0.1038032786885246,5.42111475409836,0.4263405793078963,-51.62,2022/23,HistGB + Elo/Rest + sigmoid,argmax,0.05
263,54,0.20532319391634982,263.0,-21.919999999999995,-0.08334600760456272,5.803536121673004,0.48225265363600656,-46.370000000000005,2022/23,HistGB + Elo/Rest + sigmoid,argmax,0.1
221,44,0.19909502262443438,221.0,-10.270000000000003,-0.04647058823529413,6.245022624434389,0.550119425536697,-35.35,2022/23,HistGB + Elo/Rest + sigmoid,argmax,0.15
441,104,0.23582766439909297,441.0,-17.810000000000002,-0.04038548752834468,5.23249433106576,0.3334292875743749,-34.34,2022/23,HistGB + Elo/Rest + sigmoid,all_qualifying,0.0
411,97,0.2360097323600973,411.0,-9.479999999999997,-0.023065693430656925,5.363844282238443,0.3570866025261995,-29.65,2022/23,HistGB + Elo/Rest + sigmoid,all_qualifying,0.02
357,77,0.21568627450980393,357.0,-16.06,-0.0449859943977591,5.667843137254902,0.4060240105326839,-37.65,2022/23,HistGB + Elo/Rest + sigmoid,all_qualifying,0.05
306,63,0.20588235294117646,306.0,-0.5700000000000038,-0.0018627450980392283,6.046274509803921,0.4613802391366492,-32.75,2022/23,HistGB + Elo/Rest + sigmoid,all_qualifying,0.1
253,51,0.2015810276679842,253.0,6.080000000000002,0.02403162055335969,6.406245059288538,0.531921990964131,-36.35,2022/23,HistGB + Elo/Rest + sigmoid,all_qualifying,0.15
31,6,0.1935483870967742,31.0,9.75,0.31451612903225806,7.108064516129032,0.01990889133445146,-8.0,2022/23,Market baseline,argmax,0.0
10,2,0.2,10.0,1.5,0.15,6.88,0.04486438574186078,-5.0,2022/23,Market baseline,argmax,0.02
2,0,0.0,2.0,-2.0,-1.0,10.25,0.0886595248124441,-1.0,2022/23,Market baseline,argmax,0.05
1,0,0.0,1.0,-1.0,-1.0,15.0,0.12392260290113755,0.0,2022/23,Market baseline,argmax,0.1
0,0,0.0,0.0,0.0,0.0,,,0.0,2022/23,Market baseline,argmax,0.15
31,6,0.1935483870967742,31.0,9.75,0.31451612903225806,7.108064516129032,0.01990889133445146,-8.0,2022/23,Market baseline,all_qualifying,0.0
10,2,0.2,10.0,1.5,0.15,6.88,0.04486438574186078,-5.0,2022/23,Market baseline,all_qualifying,0.02
2,0,0.0,2.0,-2.0,-1.0,10.25,0.0886595248124441,-1.0,2022/23,Market baseline,all_qualifying,0.05
1,0,0.0,1.0,-1.0,-1.0,15.0,0.12392260290113755,0.0,2022/23,Market baseline,all_qualifying,0.1
0,0,0.0,0.0,0.0,0.0,,,0.0,2022/23,Market baseline,all_qualifying,0.15
316,97,0.3069620253164557,316.0,-51.839999999999996,-0.16405063291139238,4.070443037974684,0.13362765439640065,-61.82,2022/23,Market logistic,argmax,0.0
274,87,0.3175182481751825,274.0,-26.279999999999994,-0.09591240875912406,4.201970802919708,0.1525046581120031,-39.15,2022/23,Market logistic,argmax,0.02
222,68,0.3063063063063063,222.0,-23.219999999999995,-0.10459459459459457,4.32454954954955,0.18017869799731698,-35.02,2022/23,Market logistic,argmax,0.05
144,40,0.2777777777777778,144.0,-11.489999999999998,-0.07979166666666665,4.942152777777778,0.2379522047450118,-25.91,2022/23,Market logistic,argmax,0.1
76,12,0.15789473684210525,76.0,-33.3,-0.4381578947368421,5.888684210526316,0.34245560396877334,-40.05,2022/23,Market logistic,argmax,0.15
360,114,0.31666666666666665,360.0,-44.35999999999999,-0.1232222222222222,4.132083333333333,0.12715042364315782,-54.61999999999998,2022/23,Market logistic,all_qualifying,0.0
300,93,0.31,300.0,-24.53,-0.08176666666666667,4.3283,0.15068695972456742,-38.43,2022/23,Market logistic,all_qualifying,0.02
235,71,0.3021276595744681,235.0,-15.22,-0.06476595744680852,4.518297872340425,0.182834962508189,-34.4,2022/23,Market logistic,all_qualifying,0.05
154,41,0.2662337662337662,154.0,-12.489999999999998,-0.0811038961038961,5.169935064935065,0.24046155926553506,-23.830000000000002,2022/23,Market logistic,all_qualifying,0.1
84,13,0.15476190476190477,84.0,-32.3,-0.3845238095238095,6.214761904761905,0.3400947718195716,-38.05,2022/23,Market logistic,all_qualifying,0.15
346,104,0.30057803468208094,346.0,-44.16,-0.1276300578034682,3.9972254335260113,0.19563589889057376,-55.04999999999998,2022/23,Market logistic + isotonic,argmax,0.0
318,92,0.2893081761006289,318.0,-41.04,-0.1290566037735849,4.080754716981132,0.21183445663660105,-54.989999999999995,2022/23,Market logistic + isotonic,argmax,0.02
269,78,0.2899628252788104,269.0,-30.669999999999995,-0.11401486988847581,4.244758364312268,0.24409020138548282,-46.69,2022/23,Market logistic + isotonic,argmax,0.05
207,60,0.2898550724637681,207.0,-8.710000000000004,-0.042077294685990356,4.585120772946859,0.2950463242837592,-36.89,2022/23,Market logistic + isotonic,argmax,0.1
155,39,0.25161290322580643,155.0,-15.14,-0.09767741935483872,5.084258064516129,0.3529877495970875,-33.08,2022/23,Market logistic + isotonic,argmax,0.15
408,125,0.30637254901960786,408.0,-50.629999999999995,-0.12409313725490195,3.9333088235294116,0.17595961205346197,-62.51999999999998,2022/23,Market logistic + isotonic,all_qualifying,0.0
355,104,0.29295774647887324,355.0,-40.76999999999999,-0.11484507042253518,4.102338028169014,0.20059908790162168,-58.07999999999999,2022/23,Market logistic + isotonic,all_qualifying,0.02
296,87,0.2939189189189189,296.0,-25.91,-0.08753378378378378,4.264459459459459,0.23374363761187614,-43.580000000000005,2022/23,Market logistic + isotonic,all_qualifying,0.05
215,63,0.2930232558139535,215.0,-2.75,-0.012790697674418604,4.6424651162790695,0.29446086119755494,-28.36,2022/23,Market logistic + isotonic,all_qualifying,0.1
160,40,0.25,160.0,-11.139999999999997,-0.06962499999999998,5.1894375,0.35365428702962454,-26.229999999999997,2022/23,Market logistic + isotonic,all_qualifying,0.15
349,96,0.27507163323782235,349.0,-17.419999999999995,-0.049914040114613166,4.768997134670488,0.18692332157207345,-35.279999999999994,2022/23,Market logistic + sigmoid,argmax,0.0
304,76,0.25,304.0,-27.350000000000005,-0.08996710526315792,4.976940789473685,0.2132370630742076,-41.64,2022/23,Market logistic + sigmoid,argmax,0.02
261,68,0.26053639846743293,261.0,-5.73,-0.02195402298850575,5.231111111111112,0.24215931011584124,-37.93999999999999,2022/23,Market logistic + sigmoid,argmax,0.05
183,43,0.23497267759562843,183.0,-2.099999999999998,-0.011475409836065563,6.046120218579235,0.31307585260864795,-31.59,2022/23,Market logistic + sigmoid,argmax,0.1
130,24,0.18461538461538463,130.0,-7.829999999999998,-0.06023076923076922,7.1049999999999995,0.39105178593686807,-27.88,2022/23,Market logistic + sigmoid,argmax,0.15
411,111,0.27007299270072993,411.0,-26.02,-0.06330900243309003,4.81705596107056,0.1742776251369122,-42.519999999999996,2022/23,Market logistic + sigmoid,all_qualifying,0.0
344,83,0.24127906976744187,344.0,-42.99000000000001,-0.12497093023255816,5.105232558139535,0.20650930526874284,-50.989999999999995,2022/23,Market logistic + sigmoid,all_qualifying,0.02
286,72,0.2517482517482518,286.0,-12.879999999999995,-0.04503496503496502,5.4276923076923085,0.24105855052170855,-42.94,2022/23,Market logistic + sigmoid,all_qualifying,0.05
198,44,0.2222222222222222,198.0,-8.100000000000005,-0.04090909090909094,6.2938888888888895,0.3147433767959779,-34.589999999999996,2022/23,Market logistic + sigmoid,all_qualifying,0.1
143,25,0.17482517482517482,143.0,-11.83,-0.08272727272727273,7.340209790209791,0.3888993916012346,-31.879999999999995,2022/23,Market logistic + sigmoid,all_qualifying,0.15
349,116,0.332378223495702,349.0,-30.099999999999998,-0.08624641833810888,3.881833810888253,0.17866677652806137,-41.66,2022/23,Team + Market,argmax,0.0
324,106,0.3271604938271605,324.0,-24.75,-0.0763888888888889,3.970802469135802,0.19164755816479465,-39.07,2022/23,Team + Market,argmax,0.02
281,94,0.33451957295373663,281.0,-12.949999999999998,-0.04608540925266903,4.083594306049822,0.21556115760250327,-28.000000000000007,2022/23,Team + Market,argmax,0.05
213,64,0.3004694835680751,213.0,-8.47,-0.03976525821596245,4.486103286384976,0.26071145955046643,-17.52,2022/23,Team + Market,argmax,0.1
150,42,0.28,150.0,-0.9999999999999991,-0.006666666666666661,4.782333333333335,0.3165764025633166,-15.239999999999998,2022/23,Team + Market,argmax,0.15
418,132,0.3157894736842105,418.0,-49.62,-0.11870813397129186,3.95122009569378,0.1600477814194134,-58.349999999999994,2022/23,Team + Market,all_qualifying,0.0
359,115,0.3203342618384401,359.0,-24.999999999999993,-0.06963788300835652,4.054679665738162,0.1846768683571521,-38.919999999999995,2022/23,Team + Market,all_qualifying,0.02
297,98,0.32996632996632996,297.0,-8.650000000000002,-0.029124579124579133,4.21,0.21613860884457123,-31.000000000000004,2022/23,Team + Market,all_qualifying,0.05
225,67,0.29777777777777775,225.0,-2.869999999999995,-0.012755555555555534,4.642088888888889,0.2617412700192949,-19.52,2022/23,Team + Market,all_qualifying,0.1
160,45,0.28125,160.0,6.599999999999999,0.041249999999999995,4.9559375,0.3160878936330125,-13.27,2022/23,Team + Market,all_qualifying,0.15
360,121,0.33611111111111114,360.0,-30.83,-0.08563888888888889,3.837916666666667,0.19742454395618203,-42.970000000000006,2022/23,Team + Market + Elo/Rest,argmax,0.0
324,108,0.3333333333333333,324.0,-18.549999999999997,-0.057253086419753074,3.9630246913580245,0.21797213214091068,-31.800000000000004,2022/23,Team + Market + Elo/Rest,argmax,0.02
303,100,0.33003300330033003,303.0,-13.139999999999997,-0.043366336633663356,4.07079207920792,0.23070338754223157,-29.869999999999997,2022/23,Team + Market + Elo/Rest,argmax,0.05
230,71,0.30869565217391304,230.0,-3.339999999999998,-0.014521739130434775,4.360000000000001,0.28152897483544487,-21.68,2022/23,Team + Market + Elo/Rest,argmax,0.1
166,51,0.3072289156626506,166.0,13.979999999999997,0.0842168674698795,4.66710843373494,0.342198907785081,-14.25,2022/23,Team + Market + Elo/Rest,argmax,0.15
428,143,0.3341121495327103,428.0,-29.110000000000003,-0.0680140186915888,3.9238551401869155,0.18142347614381366,-45.9,2022/23,Team + Market + Elo/Rest,all_qualifying,0.0
374,122,0.32620320855614976,374.0,-21.879999999999995,-0.05850267379679143,4.050160427807486,0.2059531017713484,-41.230000000000004,2022/23,Team + Market + Elo/Rest,all_qualifying,0.02
333,108,0.32432432432432434,333.0,-11.069999999999997,-0.03324324324324324,4.218618618618619,0.22710218794765424,-36.3,2022/23,Team + Market + Elo/Rest,all_qualifying,0.05
247,75,0.30364372469635625,247.0,1.2600000000000007,0.005101214574898788,4.541295546558705,0.28148930099249087,-26.68,2022/23,Team + Market + Elo/Rest,all_qualifying,0.1
178,55,0.3089887640449438,178.0,23.580000000000002,0.13247191011235956,4.900786516853933,0.3427088670452058,-14.25,2022/23,Team + Market + Elo/Rest,all_qualifying,0.15
355,85,0.23943661971830985,355.0,-34.77000000000001,-0.09794366197183102,5.034169014084507,0.2740128887256407,-50.09,2022/23,Team + Market + Elo/Rest + sigmoid,argmax,0.0
337,79,0.2344213649851632,337.0,-36.16999999999999,-0.10732937685459937,5.126646884272997,0.2880020122746381,-47.290000000000006,2022/23,Team + Market + Elo/Rest + sigmoid,argmax,0.02
302,70,0.23178807947019867,302.0,-27.22,-0.09013245033112582,5.364701986754967,0.3173820157790268,-39.440000000000005,2022/23,Team + Market + Elo/Rest + sigmoid,argmax,0.05
245,52,0.21224489795918366,245.0,-20.279999999999998,-0.08277551020408162,5.787918367346939,0.37402799290038513,-38.69,2022/23,Team + Market + Elo/Rest + sigmoid,argmax,0.1
194,42,0.21649484536082475,194.0,1.3900000000000006,0.007164948453608251,6.3555670103092785,0.43985618990714714,-29.770000000000003,2022/23,Team + Market + Elo/Rest + sigmoid,argmax,0.15
438,102,0.2328767123287671,438.0,-38.38999999999999,-0.08764840182648401,5.196232876712329,0.2525994889750141,-49.76999999999999,2022/23,Team + Market + Elo/Rest + sigmoid,all_qualifying,0.0
405,91,0.22469135802469137,405.0,-38.79,-0.09577777777777778,5.326592592592592,0.27231500805277825,-48.169999999999995,2022/23,Team + Market + Elo/Rest + sigmoid,all_qualifying,0.02
353,80,0.22662889518413598,353.0,-19.889999999999993,-0.05634560906515579,5.58399433427762,0.3074711594062086,-42.83,2022/23,Team + Market + Elo/Rest + sigmoid,all_qualifying,0.05
278,58,0.20863309352517986,278.0,-13.780000000000001,-0.04956834532374101,6.004640287769784,0.3705353141779371,-38.68999999999999,2022/23,Team + Market + Elo/Rest + sigmoid,all_qualifying,0.1
216,46,0.21296296296296297,216.0,5.390000000000002,0.024953703703703714,6.579768518518518,0.44174068722088183,-24.8,2022/23,Team + Market + Elo/Rest + sigmoid,all_qualifying,0.15
359,98,0.27298050139275765,359.0,-41.55999999999999,-0.11576601671309189,4.386406685236769,0.23823607884205453,-47.28999999999999,2022/23,Team + Market + isotonic,argmax,0.0
343,95,0.27696793002915454,343.0,-30.790000000000006,-0.08976676384839652,4.448862973760933,0.2488127378464713,-39.29,2022/23,Team + Market + isotonic,argmax,0.02
298,76,0.2550335570469799,298.0,-36.95,-0.12399328859060403,4.655234899328859,0.2810484582501227,-45.09,2022/23,Team + Market + isotonic,argmax,0.05
236,57,0.24152542372881355,236.0,-21.74,-0.0921186440677966,5.006822033898306,0.33562141831138304,-37.35,2022/23,Team + Market + isotonic,argmax,0.1
175,39,0.22285714285714286,175.0,-9.350000000000001,-0.053428571428571436,5.620571428571429,0.40945595048376576,-30.46,2022/23,Team + Market + isotonic,argmax,0.15
440,122,0.2772727272727273,440.0,-55.980000000000004,-0.12722727272727274,4.343431818181818,0.21103080770836255,-61.73999999999998,2022/23,Team + Market + isotonic,all_qualifying,0.0
404,112,0.27722772277227725,404.0,-43.989999999999995,-0.10888613861386137,4.456584158415842,0.2289531023493549,-52.119999999999976,2022/23,Team + Market + isotonic,all_qualifying,0.02
335,85,0.2537313432835821,335.0,-41.769999999999996,-0.1246865671641791,4.743194029850747,0.268932048513081,-47.19999999999999,2022/23,Team + Market + isotonic,all_qualifying,0.05
253,60,0.23715415019762845,253.0,-21.14,-0.08355731225296444,5.201541501976283,0.3324595801080104,-36.56999999999999,2022/23,Team + Market + isotonic,all_qualifying,0.1
187,41,0.2192513368983957,187.0,-7.350000000000001,-0.03930481283422461,5.880213903743315,0.4066237160784392,-28.46,2022/23,Team + Market + isotonic,all_qualifying,0.15
359,88,0.24512534818941503,359.0,-40.64,-0.1132033426183844,4.932367688022284,0.2369871566355713,-54.93,2022/23,Team + Market + sigmoid,argmax,0.0
327,78,0.23853211009174313,327.0,-37.67999999999999,-0.11522935779816512,5.081681957186545,0.2591578147978137,-48.47,2022/23,Team + Market + sigmoid,argmax,0.02
286,63,0.2202797202797203,286.0,-37.080000000000005,-0.12965034965034966,5.386468531468531,0.29093203502872905,-42.74,2022/23,Team + Market + sigmoid,argmax,0.05
227,44,0.19383259911894274,227.0,-30.810000000000002,-0.13572687224669605,5.911629955947137,0.3464189103923008,-46.370000000000005,2022/23,Team + Market + sigmoid,argmax,0.1
174,36,0.20689655172413793,174.0,-0.0899999999999963,-0.0005172413793103236,6.56816091954023,0.41362185541031565,-30.299999999999997,2022/23,Team + Market + sigmoid,argmax,0.15
434,106,0.24423963133640553,434.0,-44.43000000000001,-0.10237327188940094,5.064746543778802,0.2191539447532289,-54.53,2022/23,Team + Market + sigmoid,all_qualifying,0.0
381,90,0.23622047244094488,381.0,-34.35000000000001,-0.09015748031496065,5.27251968503937,0.24837165811312306,-43.42,2022/23,Team + Market + sigmoid,all_qualifying,0.02
324,70,0.21604938271604937,324.0,-35.75,-0.11033950617283951,5.614104938271605,0.2854678350488457,-46.03999999999999,2022/23,Team + Market + sigmoid,all_qualifying,0.05
249,48,0.1927710843373494,249.0,-26.81,-0.10767068273092369,6.1361044176706825,0.34900315160585105,-37.870000000000005,2022/23,Team + Market + sigmoid,all_qualifying,0.1
192,40,0.20833333333333334,192.0,7.910000000000004,0.04119791666666669,6.797447916666666,0.4154085849857056,-26.789999999999996,2022/23,Team + Market + sigmoid,all_qualifying,0.15
368,149,0.4048913043478261,368.0,15.5,0.042119565217391304,3.882092391304348,0.2861528401907714,-35.949999999999996,2023/24,HistGB + Elo/Rest,argmax,0.0
351,139,0.396011396011396,351.0,17.250000000000004,0.04914529914529916,3.975498575498576,0.29951769207226525,-37.4,2023/24,HistGB + Elo/Rest,argmax,0.02
324,123,0.37962962962962965,324.0,12.780000000000008,0.03944444444444447,4.101018518518519,0.32124136434054323,-33.65,2023/24,HistGB + Elo/Rest,argmax,0.05
279,101,0.36200716845878134,279.0,11.170000000000005,0.04003584229390683,4.327992831541218,0.36101634543091926,-34.42,2023/24,HistGB + Elo/Rest,argmax,0.1
235,79,0.33617021276595743,235.0,1.7100000000000044,0.00727659574468087,4.610127659574468,0.4051266444318342,-30.339999999999996,2023/24,HistGB + Elo/Rest,argmax,0.15
449,176,0.39198218262806234,449.0,-0.9100000000000028,-0.002026726057906465,3.830957683741648,0.2505099694458651,-41.81,2023/24,HistGB + Elo/Rest,all_qualifying,0.0
412,159,0.3859223300970874,412.0,7.590000000000003,0.018422330097087387,3.9590048543689322,0.2721524478509631,-40.93,2023/24,HistGB + Elo/Rest,all_qualifying,0.02
364,135,0.3708791208791209,364.0,6.260000000000005,0.01719780219780221,4.1339010989011,0.30309129135341095,-35.81,2023/24,HistGB + Elo/Rest,all_qualifying,0.05
303,108,0.3564356435643564,303.0,9.119999999999997,0.03009900990099009,4.3927722772277225,0.34922535237860314,-36.59,2023/24,HistGB + Elo/Rest,all_qualifying,0.1
250,82,0.328,250.0,-1.439999999999996,-0.005759999999999984,4.67932,0.3968507435871129,-30.739999999999995,2023/24,HistGB + Elo/Rest,all_qualifying,0.15
364,102,0.2802197802197802,364.0,1.2899999999999956,0.003543956043956032,5.071703296703297,0.37821927691413293,-45.46000000000001,2023/24,HistGB + Elo/Rest + sigmoid,argmax,0.0
342,94,0.27485380116959063,342.0,1.3900000000000006,0.004064327485380118,5.202923976608187,0.40175607460957996,-44.96000000000001,2023/24,HistGB + Elo/Rest + sigmoid,argmax,0.02
303,75,0.24752475247524752,303.0,-5.830000000000005,-0.01924092409240926,5.501881188118812,0.4486602127522826,-45.040000000000006,2023/24,HistGB + Elo/Rest + sigmoid,argmax,0.05
251,57,0.22709163346613545,251.0,-5.860000000000001,-0.023346613545816738,6.023585657370519,0.5264277393781538,-31.17,2023/24,HistGB + Elo/Rest + sigmoid,argmax,0.1
214,46,0.21495327102803738,214.0,0.3299999999999983,0.0015420560747663472,6.4383644859813085,0.5961438675376871,-25.75,2023/24,HistGB + Elo/Rest + sigmoid,argmax,0.15
470,113,0.2404255319148936,470.0,-57.26,-0.12182978723404254,5.479106382978724,0.3466905239458624,-69.55000000000001,2023/24,HistGB + Elo/Rest + sigmoid,all_qualifying,0.0
430,102,0.2372093023255814,430.0,-46.67,-0.10853488372093023,5.6775581395348835,0.37792240095791885,-64.96000000000001,2023/24,HistGB + Elo/Rest + sigmoid,all_qualifying,0.02
380,81,0.2131578947368421,380.0,-49.33,-0.12981578947368422,6.016842105263158,0.4229026625261336,-62.040000000000006,2023/24,HistGB + Elo/Rest + sigmoid,all_qualifying,0.05
318,62,0.1949685534591195,318.0,-43.56,-0.13698113207547172,6.529779874213837,0.4908183202848038,-44.17000000000001,2023/24,HistGB + Elo/Rest + sigmoid,all_qualifying,0.1
267,50,0.18726591760299627,267.0,-27.170000000000005,-0.10176029962546819,6.90378277153558,0.5609839461591261,-35.75,2023/24,HistGB + Elo/Rest + sigmoid,all_qualifying,0.15
39,7,0.1794871794871795,39.0,-2.3000000000000007,-0.058974358974358994,8.678205128205128,0.02670769065271089,-13.5,2023/24,Market baseline,argmax,0.0
21,4,0.19047619047619047,21.0,0.75,0.03571428571428571,9.047619047619047,0.04003519763813083,-10.0,2023/24,Market baseline,argmax,0.02
5,0,0.0,5.0,-5.0,-1.0,13.3,0.07015870682596712,-4.0,2023/24,Market baseline,argmax,0.05
0,0,0.0,0.0,0.0,0.0,,,0.0,2023/24,Market baseline,argmax,0.1
0,0,0.0,0.0,0.0,0.0,,,0.0,2023/24,Market baseline,argmax,0.15
39,7,0.1794871794871795,39.0,-2.3000000000000007,-0.058974358974358994,8.678205128205128,0.02670769065271089,-13.5,2023/24,Market baseline,all_qualifying,0.0
21,4,0.19047619047619047,21.0,0.75,0.03571428571428571,9.047619047619047,0.04003519763813083,-10.0,2023/24,Market baseline,all_qualifying,0.02
5,0,0.0,5.0,-5.0,-1.0,13.3,0.07015870682596712,-4.0,2023/24,Market baseline,all_qualifying,0.05
0,0,0.0,0.0,0.0,0.0,,,0.0,2023/24,Market baseline,all_qualifying,0.1
0,0,0.0,0.0,0.0,0.0,,,0.0,2023/24,Market baseline,all_qualifying,0.15
274,100,0.36496350364963503,274.0,-22.310000000000002,-0.08142335766423359,4.222956204379563,0.11759338675681129,-38.36,2023/24,Market logistic,argmax,0.0
198,69,0.3484848484848485,198.0,-21.849999999999998,-0.11035353535353534,4.701060606060606,0.15924573261358957,-36.3,2023/24,Market logistic,argmax,0.02
127,35,0.2755905511811024,127.0,-27.05,-0.21299212598425196,5.7310236220472435,0.23027128691561022,-34.72,2023/24,Market logistic,argmax,0.05
62,9,0.14516129032258066,62.0,-31.470000000000002,-0.5075806451612903,8.055806451612902,0.4017641369616288,-30.47,2023/24,Market logistic,argmax,0.1
42,4,0.09523809523809523,42.0,-24.37,-0.5802380952380952,9.586428571428572,0.5359707052799427,-23.37,2023/24,Market logistic,argmax,0.15
309,107,0.34627831715210355,309.0,-38.78,-0.12550161812297736,4.661229773462784,0.12596277316612786,-48.41,2023/24,Market logistic,all_qualifying,0.0
223,72,0.32286995515695066,223.0,-34.92,-0.1565919282511211,5.2333632286995515,0.17107272216510336,-44.97,2023/24,Market logistic,all_qualifying,0.02
141,36,0.2553191489361702,141.0,-34.050000000000004,-0.2414893617021277,6.553475177304964,0.25198777972342246,-41.72,2023/24,Market logistic,all_qualifying,0.05
73,10,0.136986301369863,73.0,-35.47,-0.4858904109589041,9.225479452054795,0.4240255036742123,-37.47,2023/24,Market logistic,all_qualifying,0.1
52,5,0.09615384615384616,52.0,-27.37,-0.5263461538461539,10.800576923076923,0.5471947343833696,-31.37,2023/24,Market logistic,all_qualifying,0.15
314,109,0.3471337579617834,314.0,-14.470000000000006,-0.04608280254777072,4.127197452229299,0.15380784385963367,-49.7,2023/24,Market logistic + isotonic,argmax,0.0
256,81,0.31640625,256.0,-25.83,-0.1008984375,4.4362890625,0.18625540397557466,-46.06,2023/24,Market logistic + isotonic,argmax,0.02
180,50,0.2777777777777778,180.0,-24.939999999999998,-0.13855555555555554,4.987222222222222,0.2501787314750332,-42.16,2023/24,Market logistic + isotonic,argmax,0.05
111,22,0.1981981981981982,111.0,-24.74,-0.22288288288288288,6.187837837837839,0.36204931422530656,-34.47,2023/24,Market logistic + isotonic,argmax,0.1
80,13,0.1625,80.0,-17.92,-0.22400000000000003,6.9898750000000005,0.4542156388957011,-24.5,2023/24,Market logistic + isotonic,argmax,0.15
375,131,0.34933333333333333,375.0,-30.970000000000006,-0.08258666666666668,4.338533333333333,0.14871645472337836,-55.88,2023/24,Market logistic + isotonic,all_qualifying,0.0
294,91,0.30952380952380953,294.0,-42.720000000000006,-0.1453061224489796,4.801088435374149,0.1869900470086777,-51.459999999999994,2023/24,Market logistic + isotonic,all_qualifying,0.02
200,52,0.26,200.0,-41.470000000000006,-0.20735000000000003,5.633599999999999,0.25880830339350647,-51.54,2023/24,Market logistic + isotonic,all_qualifying,0.05
122,22,0.18032786885245902,122.0,-35.74,-0.29295081967213116,7.105327868852458,0.3795888334655496,-42.47,2023/24,Market logistic + isotonic,all_qualifying,0.1
91,13,0.14285714285714285,91.0,-28.92,-0.3178021978021978,8.122967032967033,0.46658917489499036,-32.5,2023/24,Market logistic + isotonic,all_qualifying,0.15
286,72,0.2517482517482518,286.0,-49.09,-0.17164335664335664,5.119755244755245,0.17839897758168835,-57.60000000000001,2023/24,Market logistic + sigmoid,argmax,0.0
232,54,0.23275862068965517,232.0,-40.47,-0.17443965517241378,5.617327586206897,0.21756310949913404,-52.26,2023/24,Market logistic + sigmoid,argmax,0.02
164,30,0.18292682926829268,164.0,-45.480000000000004,-0.27731707317073173,6.569268292682926,0.29408634716141097,-54.54,2023/24,Market logistic + sigmoid,argmax,0.05
106,13,0.12264150943396226,106.0,-47.82,-0.4511320754716981,7.775283018867925,0.415152620243567,-46.82,2023/24,Market logistic + sigmoid,argmax,0.1
74,6,0.08108108108108109,74.0,-43.870000000000005,-0.5928378378378379,8.931486486486488,0.5400827574940233,-42.870000000000005,2023/24,Market logistic + sigmoid,argmax,0.15
345,81,0.23478260869565218,345.0,-64.50999999999999,-0.18698550724637678,5.658144927536232,0.19025505064433093,-69.98000000000002,2023/24,Market logistic + sigmoid,all_qualifying,0.0
276,60,0.21739130434782608,276.0,-47.099999999999994,-0.17065217391304346,6.314275362318841,0.23555286513374704,-62.64,2023/24,Market logistic + sigmoid,all_qualifying,0.02
198,34,0.1717171717171717,198.0,-53.730000000000004,-0.27136363636363636,7.380606060606061,0.31542406778137905,-72.53999999999999,2023/24,Market logistic + sigmoid,all_qualifying,0.05
134,14,0.1044776119402985,134.0,-68.82,-0.5135820895522387,8.684179104477613,0.4315944789046232,-67.82,2023/24,Market logistic + sigmoid,all_qualifying,0.1
98,7,0.07142857142857142,98.0,-60.870000000000005,-0.6211224489795919,9.733979591836736,0.5444995538635516,-60.870000000000005,2023/24,Market logistic + sigmoid,all_qualifying,0.15
337,118,0.35014836795252224,337.0,-28.019999999999996,-0.0831454005934718,4.118724035608309,0.140868675011826,-32.25,2023/24,Team + Market,argmax,0.0
308,109,0.3538961038961039,308.0,-12.98,-0.04214285714285714,4.2389935064935065,0.15317394882503702,-28.360000000000003,2023/24,Team + Market,argmax,0.02
233,85,0.3648068669527897,233.0,-0.3599999999999959,-0.0015450643776823857,4.4501287553648075,0.19111642061971773,-25.489999999999995,2023/24,Team + Market,argmax,0.05
142,43,0.3028169014084507,142.0,-4.639999999999998,-0.032676056338028156,5.257816901408451,0.268021134200053,-19.05,2023/24,Team + Market,argmax,0.1
79,20,0.25316455696202533,79.0,-12.319999999999999,-0.15594936708860757,6.504810126582279,0.38603144077612067,-17.72,2023/24,Team + Market,argmax,0.15
392,132,0.336734693877551,392.0,-44.67,-0.11395408163265307,4.467091836734694,0.1391966840440864,-45.33,2023/24,Team + Market,all_qualifying,0.0
349,117,0.335243553008596,349.0,-33.47,-0.0959025787965616,4.6437535816618905,0.15518829169449233,-34.77,2023/24,Team + Market,all_qualifying,0.02
253,88,0.34782608695652173,253.0,-11.280000000000001,-0.044584980237154154,5.015652173913043,0.20060527963338265,-27.489999999999995,2023/24,Team + Market,all_qualifying,0.05
155,43,0.27741935483870966,155.0,-17.64,-0.11380645161290323,6.055548387096774,0.2824083285071654,-23.049999999999997,2023/24,Team + Market,all_qualifying,0.1
91,20,0.21978021978021978,91.0,-24.32,-0.2672527472527473,7.592087912087913,0.39629087135124114,-26.92,2023/24,Team + Market,all_qualifying,0.15
337,119,0.35311572700296734,337.0,-28.47,-0.0844807121661721,4.079050445103857,0.1657950072747829,-37.239999999999995,2023/24,Team + Market + Elo/Rest,argmax,0.0
309,107,0.34627831715210355,309.0,-23.65,-0.07653721682847896,4.20789644012945,0.18000518609093782,-34.17,2023/24,Team + Market + Elo/Rest,argmax,0.02
254,84,0.33070866141732286,254.0,-25.109999999999996,-0.09885826771653541,4.497362204724409,0.21084853069093776,-29.959999999999987,2023/24,Team + Market + Elo/Rest,argmax,0.05
183,56,0.30601092896174864,183.0,-12.989999999999998,-0.07098360655737704,5.086775956284153,0.2644601948499661,-24.8,2023/24,Team + Market + Elo/Rest,argmax,0.1
117,32,0.27350427350427353,117.0,-9.07,-0.07752136752136753,5.866153846153846,0.34489980441478535,-20.189999999999998,2023/24,Team + Market + Elo/Rest,argmax,0.15
396,137,0.34595959595959597,396.0,-28.659999999999997,-0.07237373737373737,4.463939393939394,0.1604050832763809,-35.43,2023/24,Team + Market + Elo/Rest,all_qualifying,0.0
348,118,0.3390804597701149,348.0,-21.970000000000006,-0.063132183908046,4.645747126436781,0.18136609327643016,-35.79,2023/24,Team + Market + Elo/Rest,all_qualifying,0.02
279,88,0.3154121863799283,279.0,-31.36,-0.11240143369175627,4.984874551971326,0.21711960161479063,-35.57,2023/24,Team + Market + Elo/Rest,all_qualifying,0.05
196,58,0.29591836734693877,196.0,-16.49,-0.08413265306122449,5.665204081632654,0.2781945503409878,-24.759999999999998,2023/24,Team + Market + Elo/Rest,all_qualifying,0.1
130,34,0.26153846153846155,130.0,-12.569999999999997,-0.09669230769230766,6.6603076923076925,0.35756302558322856,-22.19,2023/24,Team + Market + Elo/Rest,all_qualifying,0.15
334,88,0.2634730538922156,334.0,-41.11,-0.12308383233532934,5.105988023952096,0.23522166057818786,-42.21,2023/24,Team + Market + Elo/Rest + sigmoid,argmax,0.0
305,75,0.2459016393442623,305.0,-44.33,-0.14534426229508196,5.2906885245901645,0.256598975341446,-43.930000000000014,2023/24,Team + Market + Elo/Rest + sigmoid,argmax,0.02
247,55,0.22267206477732793,247.0,-49.720000000000006,-0.2012955465587045,5.778097165991903,0.3086498753229359,-48.720000000000006,2023/24,Team + Market + Elo/Rest + sigmoid,argmax,0.05
188,36,0.19148936170212766,188.0,-44.43000000000001,-0.23632978723404258,6.520797872340425,0.38226159803500315,-43.72999999999999,2023/24,Team + Market + Elo/Rest + sigmoid,argmax,0.1
149,28,0.18791946308724833,149.0,-31.42,-0.21087248322147653,7.105637583892618,0.4501699883280447,-30.719999999999995,2023/24,Team + Market + Elo/Rest + sigmoid,argmax,0.15
425,103,0.24235294117647058,425.0,-42.129999999999995,-0.09912941176470587,5.6495999999999995,0.24306219002324925,-47.440000000000005,2023/24,Team + Market + Elo/Rest + sigmoid,all_qualifying,0.0
381,86,0.22572178477690288,381.0,-51.030000000000015,-0.1339370078740158,5.8731233595800525,0.2700308531232137,-50.030000000000015,2023/24,Team + Market + Elo/Rest + sigmoid,all_qualifying,0.02
314,65,0.2070063694267516,314.0,-50.22,-0.15993630573248407,6.39391719745223,0.32021885375712883,-50.36,2023/24,Team + Market + Elo/Rest + sigmoid,all_qualifying,0.05
238,40,0.16806722689075632,238.0,-68.43,-0.28752100840336137,7.105714285714286,0.3985522775784593,-67.42999999999999,2023/24,Team + Market + Elo/Rest + sigmoid,all_qualifying,0.1
194,32,0.16494845360824742,194.0,-50.419999999999995,-0.25989690721649483,7.720309278350515,0.46095536033087464,-49.419999999999995,2023/24,Team + Market + Elo/Rest + sigmoid,all_qualifying,0.15
335,98,0.29253731343283584,335.0,-39.12,-0.11677611940298507,4.333014925373134,0.19206595296680712,-44.370000000000005,2023/24,Team + Market + isotonic,argmax,0.0
302,88,0.2913907284768212,302.0,-29.510000000000005,-0.09771523178807949,4.494900662251656,0.21210918799687928,-38.58,2023/24,Team + Market + isotonic,argmax,0.02
252,64,0.25396825396825395,252.0,-43.53,-0.17273809523809525,4.758611111111112,0.24753832913612353,-45.540000000000006,2023/24,Team + Market + isotonic,argmax,0.05
165,35,0.21212121212121213,165.0,-32.09,-0.1944848484848485,5.528,0.3393146273249871,-31.690000000000005,2023/24,Team + Market + isotonic,argmax,0.1
126,27,0.21428571428571427,126.0,-15.010000000000002,-0.11912698412698414,6.0501587301587305,0.4065607763040487,-20.619999999999997,2023/24,Team + Market + isotonic,argmax,0.15
400,118,0.295,400.0,-47.12,-0.11779999999999999,4.681825,0.1812168601221507,-50.58000000000001,2023/24,Team + Market + isotonic,all_qualifying,0.0
347,101,0.2910662824207493,347.0,-32.88,-0.09475504322766572,4.938616714697407,0.20764059893835993,-39.85999999999999,2023/24,Team + Market + isotonic,all_qualifying,0.02
276,66,0.2391304347826087,276.0,-59.68000000000001,-0.21623188405797103,5.331884057971014,0.2525454989410577,-61.69000000000001,2023/24,Team + Market + isotonic,all_qualifying,0.05
179,36,0.2011173184357542,179.0,-40.09,-0.22396648044692738,6.257653631284917,0.3496997460710644,-39.09,2023/24,Team + Market + isotonic,all_qualifying,0.1
139,28,0.2014388489208633,139.0,-22.009999999999998,-0.15834532374100718,6.901582733812949,0.41508667824585677,-22.62,2023/24,Team + Market + isotonic,all_qualifying,0.15
313,88,0.28115015974440893,313.0,-24.929999999999996,-0.07964856230031947,5.078019169329074,0.21514903707032054,-34.4,2023/24,Team + Market + sigmoid,argmax,0.0
280,73,0.26071428571428573,280.0,-29.940000000000005,-0.10692857142857144,5.315714285714286,0.23929293162315912,-37.54,2023/24,Team + Market + sigmoid,argmax,0.02
229,54,0.23580786026200873,229.0,-28.65,-0.12510917030567684,5.819170305676857,0.28521204094863517,-35.61000000000001,2023/24,Team + Market + sigmoid,argmax,0.05
175,31,0.17714285714285713,175.0,-51.5,-0.29428571428571426,6.567371428571429,0.35020858846948166,-50.500000000000014,2023/24,Team + Market + sigmoid,argmax,0.1
132,19,0.14393939393939395,132.0,-51.989999999999995,-0.3938636363636363,7.187045454545455,0.4233994660998316,-50.99000000000001,2023/24,Team + Market + sigmoid,argmax,0.15
391,99,0.2531969309462916,391.0,-36.129999999999995,-0.09240409207161124,5.61849104859335,0.2234595089759516,-40.290000000000006,2023/24,Team + Market + sigmoid,all_qualifying,0.0
343,81,0.23615160349854228,343.0,-33.94,-0.09895043731778425,5.9480466472303215,0.25328742016620803,-47.540000000000006,2023/24,Team + Market + sigmoid,all_qualifying,0.02
286,62,0.21678321678321677,286.0,-26.650000000000006,-0.0931818181818182,6.5099300699300695,0.29730502823427124,-43.230000000000004,2023/24,Team + Market + sigmoid,all_qualifying,0.05
217,36,0.16589861751152074,217.0,-62.25,-0.2868663594470046,7.250184331797235,0.36802663288203497,-61.250000000000014,2023/24,Team + Market + sigmoid,all_qualifying,0.1
165,23,0.1393939393939394,165.0,-60.24,-0.3650909090909091,7.907212121212122,0.4448431704856173,-59.239999999999995,2023/24,Team + Market + sigmoid,all_qualifying,0.15
359,134,0.3732590529247911,359.0,19.14,0.05331476323119777,3.7557660167130917,0.26317052667476304,-40.13,2024/25,HistGB + Elo/Rest,argmax,0.0
343,123,0.358600583090379,343.0,7.41,0.021603498542274054,3.80201166180758,0.27497830401666035,-39.86,2024/25,HistGB + Elo/Rest,argmax,0.02
316,111,0.3512658227848101,316.0,11.319999999999997,0.03582278481012657,3.8884493670886076,0.2953531005667546,-31.560000000000002,2024/25,HistGB + Elo/Rest,argmax,0.05
253,76,0.30039525691699603,253.0,-11.97,-0.04731225296442688,4.2000395256917,0.35080951378180186,-35.51,2024/25,HistGB + Elo/Rest,argmax,0.1
206,58,0.2815533980582524,206.0,-10.029999999999998,-0.0486893203883495,4.415776699029126,0.4031537003026191,-27.05,2024/25,HistGB + Elo/Rest,argmax,0.15
435,165,0.3793103448275862,435.0,34.19,0.07859770114942528,3.6926666666666663,0.23128970879580252,-36.290000000000006,2024/25,HistGB + Elo/Rest,all_qualifying,0.0
396,144,0.36363636363636365,396.0,18.259999999999998,0.0461111111111111,3.765833333333333,0.25304239952572777,-38.22,2024/25,HistGB + Elo/Rest,all_qualifying,0.02
351,128,0.3646723646723647,351.0,30.91,0.08806267806267806,3.864358974358974,0.2808442032565886,-29.68,2024/25,HistGB + Elo/Rest,all_qualifying,0.05
270,80,0.2962962962962963,270.0,-17.37,-0.06433333333333334,4.191333333333333,0.3431409988726031,-38.230000000000004,2024/25,HistGB + Elo/Rest,all_qualifying,0.1
218,61,0.2798165137614679,218.0,-12.68,-0.0581651376146789,4.4228440366972475,0.3960824355106867,-30.649999999999995,2024/25,HistGB + Elo/Rest,all_qualifying,0.15
359,97,0.27019498607242337,359.0,-4.270000000000003,-0.011894150417827307,4.636323119777159,0.2749351053935939,-47.040000000000006,2024/25,HistGB + Elo/Rest + sigmoid,argmax,0.0
343,94,0.27405247813411077,343.0,2.179999999999989,0.0063556851311953036,4.705655976676384,0.28733088139995827,-43.040000000000006,2024/25,HistGB + Elo/Rest + sigmoid,argmax,0.02
312,81,0.25961538461538464,312.0,0.02999999999999403,9.615384615382702e-05,4.890897435897436,0.31254030704153923,-41.900000000000006,2024/25,HistGB + Elo/Rest + sigmoid,argmax,0.05
249,63,0.25301204819277107,249.0,5.409999999999997,0.021726907630522076,5.250522088353414,0.37319770145953374,-31.25,2024/25,HistGB + Elo/Rest + sigmoid,argmax,0.1
210,52,0.24761904761904763,210.0,9.150000000000004,0.04357142857142859,5.5340476190476195,0.41991782409881845,-27.25,2024/25,HistGB + Elo/Rest + sigmoid,argmax,0.15
442,115,0.26018099547511314,442.0,6.239999999999998,0.014117647058823526,4.890633484162896,0.250727500362389,-41.56,2024/25,HistGB + Elo/Rest + sigmoid,all_qualifying,0.0
408,107,0.2622549019607843,408.0,3.789999999999999,0.009289215686274508,4.9690441176470594,0.2708763435317985,-43.64,2024/25,HistGB + Elo/Rest + sigmoid,all_qualifying,0.02
360,90,0.25,360.0,3.779999999999994,0.010499999999999983,5.151694444444445,0.30239259064113844,-41.510000000000005,2024/25,HistGB + Elo/Rest + sigmoid,all_qualifying,0.05
284,68,0.23943661971830985,284.0,6.16,0.021690140845070423,5.558732394366198,0.363815440421329,-34.86,2024/25,HistGB + Elo/Rest + sigmoid,all_qualifying,0.1
236,56,0.23728813559322035,236.0,11.399999999999995,0.04830508474576269,5.828813559322033,0.4129197448609972,-30.12,2024/25,HistGB + Elo/Rest + sigmoid,all_qualifying,0.15
30,4,0.13333333333333333,30.0,-9.5,-0.31666666666666665,6.39,0.019688657104752687,-20.0,2024/25,Market baseline,argmax,0.0
10,0,0.0,10.0,-10.0,-1.0,7.1,0.04044065475762169,-9.0,2024/25,Market baseline,argmax,0.02
1,0,0.0,1.0,-1.0,-1.0,4.75,0.08878588872764936,0.0,2024/25,Market baseline,argmax,0.05
0,0,0.0,0.0,0.0,0.0,,,0.0,2024/25,Market baseline,argmax,0.1
0,0,0.0,0.0,0.0,0.0,,,0.0,2024/25,Market baseline,argmax,0.15
30,4,0.13333333333333333,30.0,-9.5,-0.31666666666666665,6.39,0.019688657104752687,-20.0,2024/25,Market baseline,all_qualifying,0.0
10,0,0.0,10.0,-10.0,-1.0,7.1,0.04044065475762169,-9.0,2024/25,Market baseline,all_qualifying,0.02
1,0,0.0,1.0,-1.0,-1.0,4.75,0.08878588872764936,0.0,2024/25,Market baseline,all_qualifying,0.05
0,0,0.0,0.0,0.0,0.0,,,0.0,2024/25,Market baseline,all_qualifying,0.1
0,0,0.0,0.0,0.0,0.0,,,0.0,2024/25,Market baseline,all_qualifying,0.15
229,76,0.3318777292576419,229.0,-26.779999999999994,-0.11694323144104801,3.7382096069868993,0.05341688961033772,-44.769999999999996,2024/25,Market logistic,argmax,0.0
156,53,0.33974358974358976,156.0,4.700000000000005,0.030128205128205156,4.115961538461538,0.07375004405680737,-20.550000000000004,2024/25,Market logistic,argmax,0.02
93,22,0.23655913978494625,93.0,-4.060000000000001,-0.04365591397849464,4.838064516129032,0.10062527023593262,-20.520000000000003,2024/25,Market logistic,argmax,0.05
33,9,0.2727272727272727,33.0,14.329999999999998,0.4342424242424242,5.867575757575757,0.15950650938106042,-12.0,2024/25,Market logistic,argmax,0.1
11,4,0.36363636363636365,11.0,11.33,1.03,5.8618181818181805,0.2388879162953337,-4.0,2024/25,Market logistic,argmax,0.15
239,79,0.3305439330543933,239.0,-30.93,-0.1294142259414226,3.693765690376569,0.052243788668499415,-48.18,2024/25,Market logistic,all_qualifying,0.0
160,54,0.3375,160.0,3.700000000000001,0.023125000000000007,4.0980625,0.07321976684435763,-22.550000000000004,2024/25,Market logistic,all_qualifying,0.02
95,22,0.23157894736842105,95.0,-6.06,-0.06378947368421052,4.803578947368421,0.09984675370934128,-22.520000000000003,2024/25,Market logistic,all_qualifying,0.05
33,9,0.2727272727272727,33.0,14.329999999999998,0.4342424242424242,5.867575757575757,0.15950650938106042,-12.0,2024/25,Market logistic,all_qualifying,0.1
11,4,0.36363636363636365,11.0,11.33,1.03,5.8618181818181805,0.2388879162953337,-4.0,2024/25,Market logistic,all_qualifying,0.15
297,95,0.31986531986531985,297.0,-13.89,-0.04676767676767677,3.8431313131313134,0.1028273546432424,-34.67000000000001,2024/25,Market logistic + isotonic,argmax,0.0
234,76,0.3247863247863248,234.0,-2.8800000000000017,-0.012307692307692315,4.042008547008547,0.1278186214193298,-26.360000000000003,2024/25,Market logistic + isotonic,argmax,0.02
165,52,0.3151515151515151,165.0,7.42,0.04496969696969697,4.432121212121212,0.16677598290647,-18.96,2024/25,Market logistic + isotonic,argmax,0.05
93,17,0.1827956989247312,93.0,-5.84,-0.06279569892473118,5.513655913978495,0.23964845645649088,-26.67,2024/25,Market logistic + isotonic,argmax,0.1
60,13,0.21666666666666667,60.0,10.33,0.17216666666666666,5.759333333333333,0.3046374545778497,-17.0,2024/25,Market logistic + isotonic,argmax,0.15
324,105,0.32407407407407407,324.0,-19.529999999999998,-0.06027777777777777,3.7591975308641974,0.09568607311232334,-43.49,2024/25,Market logistic + isotonic,all_qualifying,0.0
245,80,0.32653061224489793,245.0,-5.7499999999999964,-0.023469387755102027,4.0211836734693875,0.12363253071494792,-30.64,2024/25,Market logistic + isotonic,all_qualifying,0.02
167,52,0.31137724550898205,167.0,5.419999999999999,0.03245508982035927,4.453293413173653,0.16548204091140095,-20.560000000000002,2024/25,Market logistic + isotonic,all_qualifying,0.05
93,17,0.1827956989247312,93.0,-5.84,-0.06279569892473118,5.513655913978495,0.23964845645649088,-26.67,2024/25,Market logistic + isotonic,all_qualifying,0.1
60,13,0.21666666666666667,60.0,10.33,0.17216666666666666,5.759333333333333,0.3046374545778497,-17.0,2024/25,Market logistic + isotonic,all_qualifying,0.15
253,60,0.23715415019762845,253.0,-38.86,-0.15359683794466403,4.779090909090909,0.1183334602886584,-53.55,2024/25,Market logistic + sigmoid,argmax,0.0
196,41,0.20918367346938777,196.0,-30.17,-0.15392857142857144,5.2622959183673474,0.15011986518303996,-44.260000000000005,2024/25,Market logistic + sigmoid,argmax,0.02
146,28,0.1917808219178082,146.0,-21.03,-0.14404109589041098,5.832191780821918,0.19001264689999334,-35.910000000000004,2024/25,Market logistic + sigmoid,argmax,0.05
96,16,0.16666666666666666,96.0,-12.04,-0.12541666666666665,6.8603125,0.2506071075267218,-27.37,2024/25,Market logistic + sigmoid,argmax,0.1
70,11,0.15714285714285714,70.0,-10.42,-0.14885714285714285,7.519000000000001,0.29776678709975285,-24.25,2024/25,Market logistic + sigmoid,argmax,0.15
277,65,0.23465703971119134,277.0,-52.400000000000006,-0.18916967509025273,4.881660649819494,0.11437022438947207,-65.09,2024/25,Market logistic + sigmoid,all_qualifying,0.0
210,42,0.2,210.0,-42.67,-0.2031904761904762,5.440047619047619,0.14815728880923862,-55.75999999999999,2024/25,Market logistic + sigmoid,all_qualifying,0.02
158,28,0.17721518987341772,158.0,-33.03,-0.20905063291139242,6.031645569620253,0.18583525366410983,-46.910000000000004,2024/25,Market logistic + sigmoid,all_qualifying,0.05
102,16,0.1568627450980392,102.0,-18.04,-0.1768627450980392,7.084215686274509,0.24761609409114288,-31.120000000000005,2024/25,Market logistic + sigmoid,all_qualifying,0.1
73,11,0.1506849315068493,73.0,-13.42,-0.18383561643835616,7.607260273972603,0.29687909597186285,-26.25,2024/25,Market logistic + sigmoid,all_qualifying,0.15
313,104,0.33226837060702874,313.0,-22.139999999999997,-0.07073482428115015,3.684025559105431,0.09805207740933512,-36.73,2024/25,Team + Market,argmax,0.0
271,91,0.33579335793357934,271.0,-3.700000000000001,-0.013653136531365318,3.837638376383764,0.11164201788785015,-27.440000000000005,2024/25,Team + Market,argmax,0.02
204,69,0.3382352941176471,204.0,5.430000000000003,0.026617647058823544,4.007352941176471,0.13679457885738522,-23.15,2024/25,Team + Market,argmax,0.05
126,36,0.2857142857142857,126.0,2.530000000000001,0.02007936507936509,4.305396825396826,0.17702726045635864,-15.520000000000001,2024/25,Team + Market,argmax,0.1
60,17,0.2833333333333333,60.0,17.11,0.2851666666666667,4.9105,0.24111837684680446,-8.0,2024/25,Team + Market,argmax,0.15
353,116,0.3286118980169972,353.0,-29.189999999999998,-0.0826912181303116,3.666090651558074,0.09117797905352608,-41.050000000000004,2024/25,Team + Market,all_qualifying,0.0
294,96,0.32653061224489793,294.0,-8.9,-0.030272108843537416,3.837687074829932,0.10743642715465358,-25.770000000000007,2024/25,Team + Market,all_qualifying,0.02
216,71,0.3287037037037037,216.0,0.18000000000000016,0.000833333333333334,4.034027777777777,0.13399003870673398,-24.4,2024/25,Team + Market,all_qualifying,0.05
128,36,0.28125,128.0,0.5300000000000011,0.004140625000000009,4.313124999999999,0.17656257057483574,-16.52,2024/25,Team + Market,all_qualifying,0.1
61,17,0.2786885245901639,61.0,16.11,0.2640983606557377,4.928360655737705,0.2403155659636749,-8.0,2024/25,Team + Market,all_qualifying,0.15
336,118,0.35119047619047616,336.0,-0.2199999999999953,-0.0006547619047618909,3.6486607142857146,0.12052136272781874,-28.83,2024/25,Team + Market + Elo/Rest,argmax,0.0
297,104,0.3501683501683502,297.0,7.220000000000001,0.024309764309764312,3.6894276094276095,0.1350196513120831,-25.090000000000003,2024/25,Team + Market + Elo/Rest,argmax,0.02
237,78,0.3291139240506329,237.0,1.4200000000000026,0.00599156118143461,3.8686919831223627,0.16056213866023739,-22.430000000000003,2024/25,Team + Market + Elo/Rest,argmax,0.05
152,46,0.3026315789473684,152.0,0.6800000000000006,0.00447368421052632,4.137434210526315,0.20828541531717928,-19.89,2024/25,Team + Market + Elo/Rest,argmax,0.1
91,26,0.2857142857142857,91.0,7.369999999999998,0.08098901098901097,4.340109890109891,0.2642143300290895,-16.3,2024/25,Team + Market + Elo/Rest,argmax,0.15
381,128,0.3359580052493438,381.0,-20.620000000000005,-0.05412073490813649,3.6812335958005247,0.11112910684604692,-40.17000000000001,2024/25,Team + Market + Elo/Rest,all_qualifying,0.0
324,110,0.3395061728395062,324.0,-2.2799999999999994,-0.007037037037037035,3.740154320987654,0.12895157969582957,-27.35,2024/25,Team + Market + Elo/Rest,all_qualifying,0.02
250,79,0.316,250.0,-9.230000000000002,-0.03692000000000001,3.90872,0.15716702872072458,-24.08,2024/25,Team + Market + Elo/Rest,all_qualifying,0.05
153,46,0.3006535947712418,153.0,-0.3199999999999985,-0.0020915032679738464,4.1659477124183,0.20892964816186657,-19.89,2024/25,Team + Market + Elo/Rest,all_qualifying,0.1
92,26,0.2826086956521739,92.0,6.370000000000001,0.06923913043478262,4.385326086956522,0.26467779427392907,-16.3,2024/25,Team + Market + Elo/Rest,all_qualifying,0.15
318,87,0.27358490566037735,318.0,-24.34,-0.07654088050314466,4.497955974842767,0.17838015788419237,-37.169999999999995,2024/25,Team + Market + Elo/Rest + sigmoid,argmax,0.0
283,75,0.26501766784452296,283.0,-17.480000000000004,-0.06176678445229684,4.64339222614841,0.1991869749806568,-33.18,2024/25,Team + Market + Elo/Rest + sigmoid,argmax,0.02
246,60,0.24390243902439024,246.0,-21.18,-0.08609756097560975,4.842113821138212,0.22429321370260757,-35.66000000000001,2024/25,Team + Market + Elo/Rest + sigmoid,argmax,0.05
177,44,0.24858757062146894,177.0,4.969999999999999,0.028079096045197732,5.4278531073446326,0.2821706673412517,-25.45,2024/25,Team + Market + Elo/Rest + sigmoid,argmax,0.1
131,31,0.2366412213740458,131.0,9.689999999999994,0.07396946564885491,6.021145038167939,0.3376608404336241,-15.600000000000001,2024/25,Team + Market + Elo/Rest + sigmoid,argmax,0.15
374,93,0.24866310160427807,374.0,-53.26,-0.14240641711229945,4.875935828877005,0.17115392366407767,-60.63999999999999,2024/25,Team + Market + Elo/Rest + sigmoid,all_qualifying,0.0
327,78,0.23853211009174313,327.0,-48.43,-0.1481039755351682,5.041437308868502,0.19434059116027474,-54.460000000000015,2024/25,Team + Market + Elo/Rest + sigmoid,all_qualifying,0.02
281,61,0.21708185053380782,281.0,-51.18000000000001,-0.18213523131672602,5.241494661921709,0.22080875426414465,-59.660000000000004,2024/25,Team + Market + Elo/Rest + sigmoid,all_qualifying,0.05
199,44,0.22110552763819097,199.0,-17.03,-0.08557788944723618,5.768492462311557,0.28015618947083754,-29.45,2024/25,Team + Market + Elo/Rest + sigmoid,all_qualifying,0.1
146,31,0.21232876712328766,146.0,-5.310000000000002,-0.03636986301369865,6.338835616438356,0.3368123679419959,-21.599999999999998,2024/25,Team + Market + Elo/Rest + sigmoid,all_qualifying,0.15
324,93,0.28703703703703703,324.0,-15.27,-0.047129629629629625,4.121327160493827,0.14747473847443504,-34.62,2024/25,Team + Market + isotonic,argmax,0.0
293,86,0.2935153583617747,293.0,-6.599999999999996,-0.02252559726962456,4.272969283276451,0.16204594283770707,-32.980000000000004,2024/25,Team + Market + isotonic,argmax,0.02
237,66,0.27848101265822783,237.0,-4.380000000000003,-0.01848101265822786,4.523713080168777,0.19247064338111733,-31.23,2024/25,Team + Market + isotonic,argmax,0.05
157,35,0.2229299363057325,157.0,-13.260000000000002,-0.08445859872611466,5.098535031847134,0.2534017788308692,-33.160000000000004,2024/25,Team + Market + isotonic,argmax,0.1
109,23,0.21100917431192662,109.0,-4.810000000000001,-0.04412844036697249,5.610000000000001,0.3099880415947654,-19.12,2024/25,Team + Market + isotonic,argmax,0.15
372,107,0.28763440860215056,372.0,-23.399999999999995,-0.0629032258064516,4.143924731182795,0.13443165784797223,-34.17,2024/25,Team + Market + isotonic,all_qualifying,0.0
325,96,0.2953846153846154,325.0,-8.030000000000001,-0.024707692307692312,4.357630769230769,0.1524215354341021,-33.38,2024/25,Team + Market + isotonic,all_qualifying,0.02
249,68,0.27309236947791166,249.0,-8.380000000000003,-0.033654618473895594,4.634297188755021,0.1886972199121723,-32.230000000000004,2024/25,Team + Market + isotonic,all_qualifying,0.05
161,35,0.21739130434782608,161.0,-17.260000000000005,-0.10720496894409941,5.232111801242237,0.2516749424154129,-36.160000000000004,2024/25,Team + Market + isotonic,all_qualifying,0.1
112,23,0.20535714285714285,112.0,-7.8100000000000005,-0.06973214285714287,5.780267857142857,0.30710875911508007,-22.12,2024/25,Team + Market + isotonic,all_qualifying,0.15
322,80,0.2484472049689441,322.0,-44.230000000000004,-0.13736024844720499,4.429875776397516,0.15385552992998003,-48.759999999999984,2024/25,Team + Market + sigmoid,argmax,0.0
279,67,0.24014336917562723,279.0,-37.36,-0.1339068100358423,4.659354838709677,0.1758973108100922,-40.790000000000006,2024/25,Team + Market + sigmoid,argmax,0.02
231,50,0.21645021645021645,231.0,-36.3,-0.15714285714285714,4.923896103896104,0.20522315366145089,-39.48000000000001,2024/25,Team + Market + sigmoid,argmax,0.05
156,31,0.1987179487179487,156.0,-23.11,-0.14814102564102563,5.58198717948718,0.2681707499399091,-31.650000000000002,2024/25,Team + Market + sigmoid,argmax,0.1
108,22,0.2037037037037037,108.0,-4.69,-0.04342592592592593,6.263518518518519,0.3327549833152553,-17.869999999999997,2024/25,Team + Market + sigmoid,argmax,0.15
375,89,0.23733333333333334,375.0,-58.5,-0.156,4.701866666666666,0.14683858453488202,-71.07999999999996,2024/25,Team + Market + sigmoid,all_qualifying,0.0
314,73,0.23248407643312102,314.0,-42.93,-0.13671974522292993,4.956815286624204,0.17342558767934374,-52.160000000000004,2024/25,Team + Market + sigmoid,all_qualifying,0.02
256,53,0.20703125,256.0,-43.55000000000001,-0.17011718750000004,5.216484374999999,0.20492299462017322,-53.98,2024/25,Team + Market + sigmoid,all_qualifying,0.05
170,33,0.19411764705882353,170.0,-24.360000000000003,-0.14329411764705885,5.947294117647059,0.271133999869813,-36.87,2024/25,Team + Market + sigmoid,all_qualifying,0.1
118,22,0.1864406779661017,118.0,-14.690000000000005,-0.12449152542372885,6.677627118644069,0.33608509619027305,-20.87,2024/25,Team + Market + sigmoid,all_qualifying,0.15
355,113,0.3183098591549296,355.0,11.330000000000002,0.03191549295774648,3.796478873239437,0.2745405720494908,-19.440000000000005,2025/26,HistGB + Elo/Rest,argmax,0.0
338,110,0.3254437869822485,338.0,22.18,0.06562130177514792,3.825532544378698,0.28782157578874473,-20.839999999999993,2025/26,HistGB + Elo/Rest,argmax,0.02
312,99,0.3173076923076923,312.0,23.61,0.07567307692307693,3.9307051282051284,0.30885286548380053,-21.06,2025/26,HistGB + Elo/Rest,argmax,0.05
265,81,0.30566037735849055,265.0,20.540000000000003,0.07750943396226416,4.1146792452830185,0.34993446934248457,-17.06,2025/26,HistGB + Elo/Rest,argmax,0.1
222,68,0.3063063063063063,222.0,32.83,0.14788288288288287,4.3869819819819815,0.39341408903293557,-16.72,2025/26,HistGB + Elo/Rest,argmax,0.15
438,141,0.3219178082191781,438.0,13.61,0.03107305936073059,3.7918264840182654,0.23938283425820725,-21.810000000000002,2025/26,HistGB + Elo/Rest,all_qualifying,0.0
399,131,0.3283208020050125,399.0,30.540000000000006,0.07654135338345866,3.854837092731829,0.2618325731838197,-21.509999999999994,2025/26,HistGB + Elo/Rest,all_qualifying,0.02
355,111,0.3126760563380282,355.0,25.279999999999998,0.0712112676056338,3.9828169014084502,0.2899520523838708,-23.279999999999998,2025/26,HistGB + Elo/Rest,all_qualifying,0.05
286,87,0.3041958041958042,286.0,26.950000000000003,0.09423076923076924,4.17465034965035,0.3415504467554981,-15.969999999999999,2025/26,HistGB + Elo/Rest,all_qualifying,0.1
236,71,0.3008474576271186,236.0,34.080000000000005,0.14440677966101698,4.415508474576271,0.38752013771991023,-18.72,2025/26,HistGB + Elo/Rest,all_qualifying,0.15
357,97,0.27170868347338933,357.0,6.309999999999997,0.017675070028011195,4.288151260504202,0.24552353925906453,-37.04,2025/26,HistGB + Elo/Rest + sigmoid,argmax,0.0
338,91,0.2692307692307692,338.0,8.630000000000006,0.025532544378698244,4.3387869822485206,0.2588098874156232,-32.040000000000006,2025/26,HistGB + Elo/Rest + sigmoid,argmax,0.02
295,76,0.2576271186440678,295.0,12.860000000000001,0.04359322033898305,4.528203389830508,0.2916175725070986,-26.25,2025/26,HistGB + Elo/Rest + sigmoid,argmax,0.05
230,58,0.25217391304347825,230.0,19.200000000000003,0.08347826086956522,4.833608695652174,0.3529473252769331,-21.22,2025/26,HistGB + Elo/Rest + sigmoid,argmax,0.1
194,52,0.26804123711340205,194.0,35.25,0.18170103092783504,5.044072164948453,0.3958892410784205,-18.0,2025/26,HistGB + Elo/Rest + sigmoid,argmax,0.15
427,108,0.2529274004683841,427.0,-20.039999999999992,-0.04693208430913347,4.521498829039812,0.23071563328084196,-48.14,2025/26,HistGB + Elo/Rest + sigmoid,all_qualifying,0.0
393,100,0.2544529262086514,393.0,-6.300000000000011,-0.016030534351145067,4.6006106870229,0.24992240392622683,-41.769999999999996,2025/26,HistGB + Elo/Rest + sigmoid,all_qualifying,0.02
340,83,0.24411764705882352,340.0,-1.42,-0.004176470588235294,4.802941176470588,0.28356314853088443,-33.57,2025/26,HistGB + Elo/Rest + sigmoid,all_qualifying,0.05
260,59,0.22692307692307692,260.0,-6.469999999999999,-0.02488461538461538,5.149269230769231,0.3477512441565981,-27.22,2025/26,HistGB + Elo/Rest + sigmoid,all_qualifying,0.1
216,52,0.24074074074074073,216.0,13.249999999999996,0.061342592592592574,5.349768518518518,0.3937830743882898,-23.220000000000002,2025/26,HistGB + Elo/Rest + sigmoid,all_qualifying,0.15
25,9,0.36,25.0,28.03,1.1212,7.3016,0.01903186500386413,-5.0,2025/26,Market baseline,argmax,0.0
8,2,0.25,8.0,5.75,0.71875,9.8225,0.0426807679498408,-4.0,2025/26,Market baseline,argmax,0.02
2,0,0.0,2.0,-2.0,-1.0,18.0,0.072782460527413,-1.0,2025/26,Market baseline,argmax,0.05
0,0,0.0,0.0,0.0,0.0,,,0.0,2025/26,Market baseline,argmax,0.1
0,0,0.0,0.0,0.0,0.0,,,0.0,2025/26,Market baseline,argmax,0.15
26,9,0.34615384615384615,26.0,27.03,1.0396153846153846,7.366923076923077,0.01925094419434885,-6.0,2025/26,Market baseline,all_qualifying,0.0
9,2,0.2222222222222222,9.0,4.75,0.5277777777777778,9.731111111111112,0.04068600750613258,-5.0,2025/26,Market baseline,all_qualifying,0.02
2,0,0.0,2.0,-2.0,-1.0,18.0,0.072782460527413,-1.0,2025/26,Market baseline,all_qualifying,0.05
0,0,0.0,0.0,0.0,0.0,,,0.0,2025/26,Market baseline,all_qualifying,0.1
0,0,0.0,0.0,0.0,0.0,,,0.0,2025/26,Market baseline,all_qualifying,0.15
369,121,0.32791327913279134,369.0,26.040000000000003,0.07056910569105691,3.7407588075880756,0.10615702547580089,-33.870000000000005,2025/26,Market logistic,argmax,0.0
350,118,0.33714285714285713,350.0,39.94,0.11411428571428571,3.7472857142857148,0.11130198289851904,-26.27000000000001,2025/26,Market logistic,argmax,0.02
286,104,0.36363636363636365,286.0,67.33,0.23541958041958042,3.9234965034965033,0.12810890293177496,-16.299999999999997,2025/26,Market logistic,argmax,0.05
156,58,0.3717948717948718,156.0,68.55,0.4394230769230769,4.576602564102564,0.1737800596367636,-14.5,2025/26,Market logistic,argmax,0.1
83,26,0.3132530120481928,83.0,33.34,0.40168674698795187,5.31578313253012,0.21741539303406024,-12.0,2025/26,Market logistic,argmax,0.15
501,151,0.3013972055888224,501.0,3.5200000000000067,0.007025948103792428,3.854151696606786,0.0897581529794485,-37.400000000000006,2025/26,Market logistic,all_qualifying,0.0
446,139,0.3116591928251121,446.0,26.389999999999997,0.05917040358744394,3.879798206278027,0.09962228425307641,-36.839999999999996,2025/26,Market logistic,all_qualifying,0.02
325,110,0.3384615384615385,325.0,58.93,0.18132307692307692,4.027846153846154,0.12355812253626447,-27.539999999999978,2025/26,Market logistic,all_qualifying,0.05
167,59,0.3532934131736527,167.0,63.550000000000004,0.38053892215568863,4.697185628742515,0.17164441651251114,-17.269999999999996,2025/26,Market logistic,all_qualifying,0.1
86,26,0.3023255813953488,86.0,30.340000000000003,0.3527906976744186,5.378372093023256,0.2166818508816214,-12.0,2025/26,Market logistic,all_qualifying,0.15
372,116,0.3118279569892473,372.0,26.750000000000004,0.07190860215053764,3.7948655913978495,0.1852371786970854,-30.160000000000004,2025/26,Market logistic + isotonic,argmax,0.0
360,114,0.31666666666666665,360.0,29.75,0.08263888888888889,3.8194166666666667,0.19111892661916058,-30.410000000000004,2025/26,Market logistic + isotonic,argmax,0.02
333,108,0.32432432432432434,333.0,41.8,0.1255255255255255,3.874384384384385,0.203730954478055,-24.310000000000002,2025/26,Market logistic + isotonic,argmax,0.05
265,91,0.3433962264150943,265.0,63.60999999999999,0.24003773584905658,4.046641509433962,0.23634634136578095,-19.799999999999997,2025/26,Market logistic + isotonic,argmax,0.1
188,58,0.30851063829787234,188.0,34.12,0.18148936170212765,4.3118617021276595,0.28244255114591993,-18.799999999999997,2025/26,Market logistic + isotonic,argmax,0.15
491,148,0.3014256619144603,491.0,14.269999999999996,0.029063136456211804,3.8371894093686354,0.15376239316769066,-36.93000000000001,2025/26,Market logistic + isotonic,all_qualifying,0.0
449,139,0.30957683741648107,449.0,23.289999999999996,0.05187082405345211,3.837327394209354,0.16720073208436284,-33.06,2025/26,Market logistic + isotonic,all_qualifying,0.02
387,123,0.3178294573643411,387.0,40.62000000000001,0.10496124031007754,3.8824289405684755,0.18843204345872697,-25.560000000000002,2025/26,Market logistic + isotonic,all_qualifying,0.05
283,94,0.3321554770318021,283.0,57.31,0.2025088339222615,4.063321554770318,0.23040826153725816,-22.799999999999997,2025/26,Market logistic + isotonic,all_qualifying,0.1
195,58,0.29743589743589743,195.0,27.120000000000005,0.1390769230769231,4.350307692307693,0.27854292997984065,-18.799999999999997,2025/26,Market logistic + isotonic,all_qualifying,0.15
370,122,0.32972972972972975,370.0,41.120000000000005,0.11113513513513515,3.8341351351351354,0.13259466373759402,-30.470000000000006,2025/26,Market logistic + sigmoid,argmax,0.0
352,118,0.3352272727272727,352.0,45.390000000000015,0.12894886363636368,3.8742045454545457,0.13881321023714932,-30.720000000000006,2025/26,Market logistic + sigmoid,argmax,0.02
294,95,0.3231292517006803,294.0,49.33,0.1677891156462585,4.089013605442177,0.1585864746601716,-26.56000000000001,2025/26,Market logistic + sigmoid,argmax,0.05
175,58,0.3314285714285714,175.0,64.16,0.3666285714285714,4.7217142857142855,0.21478292664653667,-14.5,2025/26,Market logistic + sigmoid,argmax,0.1
111,36,0.32432432432432434,111.0,58.16,0.5239639639639639,5.330720720720721,0.2671562470172618,-13.0,2025/26,Market logistic + sigmoid,argmax,0.15
504,148,0.29365079365079366,504.0,4.469999999999999,0.008869047619047617,4.017738095238095,0.1124258430823292,-33.239999999999995,2025/26,Market logistic + sigmoid,all_qualifying,0.0
456,139,0.3048245614035088,456.0,23.48999999999999,0.05151315789473682,4.048947368421053,0.12324355436798051,-33.089999999999996,2025/26,Market logistic + sigmoid,all_qualifying,0.02
344,102,0.29651162790697677,344.0,34.930000000000014,0.10154069767441865,4.318255813953488,0.1516098927318649,-33.26999999999999,2025/26,Market logistic + sigmoid,all_qualifying,0.05
192,59,0.3072916666666667,192.0,53.160000000000004,0.27687500000000004,4.893645833333333,0.2126935204097363,-16.5,2025/26,Market logistic + sigmoid,all_qualifying,0.1
117,36,0.3076923076923077,117.0,52.16,0.4458119658119658,5.497521367521368,0.2699887295432032,-13.369999999999997,2025/26,Market logistic + sigmoid,all_qualifying,0.15
355,111,0.3126760563380282,355.0,-0.620000000000001,-0.0017464788732394394,3.842507042253521,0.15043206518544436,-38.78,2025/26,Team + Market,argmax,0.0
331,106,0.3202416918429003,331.0,8.700000000000001,0.02628398791540786,3.874441087613293,0.16052812340000588,-36.78,2025/26,Team + Market,argmax,0.02
287,100,0.34843205574912894,287.0,42.01,0.14637630662020906,3.956933797909408,0.17935771323098645,-25.229999999999997,2025/26,Team + Market,argmax,0.05
215,71,0.3302325581395349,215.0,44.39,0.20646511627906977,4.237906976744187,0.213967693703817,-19.199999999999996,2025/26,Team + Market,argmax,0.1
151,49,0.32450331125827814,151.0,36.42999999999999,0.2412582781456953,4.603576158940397,0.2518213866291048,-14.699999999999996,2025/26,Team + Market,argmax,0.15
466,140,0.30042918454935624,466.0,4.560000000000002,0.009785407725321894,4.029270386266094,0.12979146176710976,-32.440000000000005,2025/26,Team + Market,all_qualifying,0.0
414,127,0.30676328502415456,414.0,11.679999999999993,0.028212560386473413,4.066690821256039,0.14481207700750964,-30.970000000000002,2025/26,Team + Market,all_qualifying,0.02
339,114,0.336283185840708,339.0,50.74,0.1496755162241888,4.141474926253688,0.16899005442777076,-21.779999999999987,2025/26,Team + Market,all_qualifying,0.05
235,76,0.32340425531914896,235.0,46.169999999999995,0.19646808510638294,4.352808510638298,0.2097732549085267,-20.999999999999993,2025/26,Team + Market,all_qualifying,0.1
160,51,0.31875,160.0,37.67999999999999,0.23549999999999996,4.714625,0.2495603666946457,-17.699999999999996,2025/26,Team + Market,all_qualifying,0.15
345,120,0.34782608695652173,345.0,34.17,0.09904347826086957,3.8320579710144926,0.15899605757658072,-28.229999999999997,2025/26,Team + Market + Elo/Rest,argmax,0.0
318,109,0.34276729559748426,318.0,34.86,0.10962264150943396,3.8854402515723274,0.17139853106097197,-27.529999999999994,2025/26,Team + Market + Elo/Rest,argmax,0.02
281,98,0.3487544483985765,281.0,45.449999999999996,0.16174377224199288,4.024661921708185,0.18928119574932206,-23.529999999999994,2025/26,Team + Market + Elo/Rest,argmax,0.05
198,63,0.3181818181818182,198.0,21.320000000000004,0.10767676767676769,4.314191919191919,0.2369306697801565,-17.32999999999999,2025/26,Team + Market + Elo/Rest,argmax,0.1
132,38,0.2878787878787879,132.0,10.18,0.07712121212121212,4.782348484848485,0.2922529853448295,-15.050000000000002,2025/26,Team + Market + Elo/Rest,argmax,0.15
449,141,0.31403118040089084,449.0,5.929999999999991,0.013207126948775036,3.942405345211581,0.13825670509694046,-32.78,2025/26,Team + Market + Elo/Rest,all_qualifying,0.0
394,123,0.31218274111675126,394.0,15.870000000000001,0.04027918781725889,4.028299492385787,0.15601158053254552,-31.529999999999994,2025/26,Team + Market + Elo/Rest,all_qualifying,0.02
329,108,0.3282674772036474,329.0,36.18000000000001,0.10996960486322191,4.1878419452887545,0.1797586058302562,-25.72999999999999,2025/26,Team + Market + Elo/Rest,all_qualifying,0.05
224,69,0.3080357142857143,224.0,20.0,0.08928571428571429,4.494419642857143,0.2292376296525623,-18.57,2025/26,Team + Market + Elo/Rest,all_qualifying,0.1
143,40,0.27972027972027974,143.0,9.43,0.06594405594405595,4.876923076923077,0.28801533099874527,-16.330000000000002,2025/26,Team + Market + Elo/Rest,all_qualifying,0.15
337,112,0.3323442136498516,337.0,30.159999999999997,0.08949554896142432,3.9610089020771517,0.1525036101693483,-27.57999999999999,2025/26,Team + Market + Elo/Rest + sigmoid,argmax,0.0
303,98,0.3234323432343234,303.0,32.599999999999994,0.10759075907590757,4.10089108910891,0.16857791719084161,-26.57999999999999,2025/26,Team + Market + Elo/Rest + sigmoid,argmax,0.02
244,75,0.3073770491803279,244.0,28.539999999999996,0.11696721311475408,4.353442622950819,0.20123932793481983,-19.57999999999999,2025/26,Team + Market + Elo/Rest + sigmoid,argmax,0.05
168,49,0.2916666666666667,168.0,27.889999999999997,0.16601190476190475,4.814345238095238,0.25868661414975574,-16.35,2025/26,Team + Market + Elo/Rest + sigmoid,argmax,0.1
117,29,0.24786324786324787,117.0,9.360000000000001,0.08000000000000002,5.355299145299145,0.318276686381821,-14.0,2025/26,Team + Market + Elo/Rest + sigmoid,argmax,0.15
412,131,0.3179611650485437,412.0,37.779999999999994,0.09169902912621358,4.255728155339806,0.14560038442994924,-29.099999999999994,2025/26,Team + Market + Elo/Rest + sigmoid,all_qualifying,0.0
356,107,0.300561797752809,356.0,23.21,0.06519662921348315,4.407331460674157,0.16700418658057348,-27.97999999999999,2025/26,Team + Market + Elo/Rest + sigmoid,all_qualifying,0.02
283,81,0.2862190812720848,283.0,21.15,0.07473498233215548,4.6873851590106,0.2012734339535449,-23.57999999999999,2025/26,Team + Market + Elo/Rest + sigmoid,all_qualifying,0.05
192,51,0.265625,192.0,18.140000000000004,0.09447916666666668,5.246666666666667,0.26159260772111165,-20.03,2025/26,Team + Market + Elo/Rest + sigmoid,all_qualifying,0.1
135,31,0.22962962962962963,135.0,5.610000000000001,0.04155555555555557,5.767925925925925,0.3205807129023386,-15.800000000000002,2025/26,Team + Market + Elo/Rest + sigmoid,all_qualifying,0.15
350,115,0.32857142857142857,350.0,34.51,0.0986,3.7813714285714286,0.17312584384611637,-15.799999999999997,2025/26,Team + Market + isotonic,argmax,0.0
331,107,0.32326283987915405,331.0,35.040000000000006,0.10586102719033234,3.8392447129909364,0.18244673010768542,-17.85,2025/26,Team + Market + isotonic,argmax,0.02
304,97,0.3190789473684211,304.0,30.009999999999998,0.09871710526315788,3.915690789473684,0.19549546050769565,-16.83,2025/26,Team + Market + isotonic,argmax,0.05
228,71,0.31140350877192985,228.0,25.74,0.11289473684210526,4.183728070175438,0.2358364224967109,-16.72,2025/26,Team + Market + isotonic,argmax,0.1
158,45,0.2848101265822785,158.0,29.950000000000003,0.18955696202531647,4.577784810126582,0.2851790880342758,-16.15,2025/26,Team + Market + isotonic,argmax,0.15
439,141,0.3211845102505695,439.0,48.910000000000004,0.11141230068337131,3.9755580865603646,0.15362661191697752,-18.929999999999993,2025/26,Team + Market + isotonic,all_qualifying,0.0
398,129,0.3241206030150754,398.0,54.34000000000001,0.13653266331658295,4.019120603015076,0.1684095632027284,-17.200000000000003,2025/26,Team + Market + isotonic,all_qualifying,0.02
347,108,0.3112391930835735,347.0,31.509999999999998,0.09080691642651297,4.12371757925072,0.18794206810424752,-21.600000000000005,2025/26,Team + Market + isotonic,all_qualifying,0.05
246,73,0.2967479674796748,246.0,17.74,0.07211382113821138,4.378130081300813,0.23506894438848058,-20.34,2025/26,Team + Market + isotonic,all_qualifying,0.1
169,47,0.2781065088757396,169.0,28.950000000000003,0.17130177514792902,4.804082840236687,0.2856836676854937,-19.15,2025/26,Team + Market + isotonic,all_qualifying,0.15
338,108,0.31952662721893493,338.0,26.909999999999997,0.0796153846153846,3.9540828402366865,0.15254430016207066,-21.679999999999993,2025/26,Team + Market + sigmoid,argmax,0.0
311,96,0.3086816720257235,311.0,25.26,0.08122186495176849,4.071736334405145,0.1649965353714408,-23.57999999999999,2025/26,Team + Market + sigmoid,argmax,0.02
269,82,0.3048327137546468,269.0,30.800000000000004,0.11449814126394053,4.244163568773233,0.18521248784559496,-21.249999999999993,2025/26,Team + Market + sigmoid,argmax,0.05
184,56,0.30434782608695654,184.0,41.04,0.22304347826086957,4.6966847826086955,0.23687213798932089,-13.95,2025/26,Team + Market + sigmoid,argmax,0.1
129,37,0.2868217054263566,129.0,28.070000000000004,0.21759689922480624,5.156124031007752,0.2848290252897846,-15.04,2025/26,Team + Market + sigmoid,argmax,0.15
423,127,0.30023640661938533,423.0,18.50999999999999,0.043758865248226926,4.257210401891252,0.142836361803828,-29.380000000000003,2025/26,Team + Market + sigmoid,all_qualifying,0.0
381,108,0.28346456692913385,381.0,9.34,0.02451443569553806,4.402257217847769,0.1576570458304248,-33.68000000000001,2025/26,Team + Market + sigmoid,all_qualifying,0.02
314,88,0.2802547770700637,314.0,15.330000000000002,0.04882165605095542,4.605700636942675,0.18393223254673263,-30.950000000000003,2025/26,Team + Market + sigmoid,all_qualifying,0.05
210,59,0.28095238095238095,210.0,30.290000000000003,0.14423809523809525,5.112571428571428,0.23889363076989453,-20.949999999999996,2025/26,Team + Market + sigmoid,all_qualifying,0.1
147,39,0.2653061224489796,147.0,20.319999999999993,0.13823129251700675,5.583265306122449,0.28754632700977695,-17.0,2025/26,Team + Market + sigmoid,all_qualifying,0.15
